"id","cor","Orthogroup","Ortholog","EnsemblID","EnsemblLongName","genBankAnnotation","PANTHER_ID","PANTHER_NAME","PFAM_ID","PFAM_NAME","UniprotHit","clOrtho"
"HVAEP1-G006077",0.975740319116199,"OG0000273","ARRDC2, ARRDC3, TXNIP, ARRDC4","ENSG00000105643, ENSG00000113369, ENSG00000265972, ENSG00000140450","arrestin domain containing 3, arrestin domain containing 4, arrestin domain containing 2, thioredoxin interacting protein",NA,"PTHR11188:SF138","ARRESTIN DOMAIN-CONTAINING 1A-RELATED","PF00339","Arrestin (or S-antigen), N-terminal domain","TXNIP_PONAB;Thioredoxin-interacting_protein","asmbl_35017"
"HVAEP1-G023780",0.974779603441978,"OG0000736","M3, clos","FBgn0005390, FBgn0261016",NA,NA,"PTHR22918","SEMINAL PLASMA PROTEIN","PF03736; PF02140; PF00090","EPTP domain; Galactose binding lectin domain; Thrombospondin type 1 domain","TSEAR_HUMAN;Thrombospondin-type_laminin_G_domain_and_EAR_repeat-containing_protein","asmbl_41445"
"HVAEP1-G001459",0.969915938381852,NA,NA,NA,NA,NA,"PTHR45672:SF11","PROTEIN DISULFIDE-ISOMERASE C17H9.14C","PF00085; PF07749","Thioredoxin; Endoplasmic reticulum protein ERp29, C-terminal domain","PDI22_ORYSJ;Protein_disulfide_isomerase-like_2-2","asmbl_27553"
"HVAEP1-G012944",0.966987858651528,NA,NA,NA,NA,NA,"PTHR11532:SF73","CARBOXYPEPTIDASE D","PF00246; PF13620","Zinc carboxypeptidase; Carboxypeptidase regulatory-like domain","CBPD_LOPSP;Carboxypeptidase_D_(Fragment)","asmbl_25479"
"HVAEP1-G020920",0.965001257201242,NA,NA,NA,NA,NA,NA,NA,"PF00170","bZIP transcription factor","FOSL_DROYA;Transcription_factor_kayak","asmbl_66100"
"HVAEP1-G014930",0.964637011597231,"OG0003834","SPSB3","ENSG00000162032","splA/ryanodine receptor domain and SOCS box containing 3",NA,"PTHR12245:SF5","SPRY DOMAIN-CONTAINING SOCS BOX PROTEIN 3","PF00622","SPRY domain","SPSB3_XENTR;SPRY_domain-containing_SOCS_box_protein_3","asmbl_83487"
"HVAEP1-G021084",0.96453433829389,NA,NA,NA,NA,NA,"PTHR30383:SF5","PUTATIVE (AFU_ORTHOLOGUE AFUA_1G03170)-RELATED","PF13472","GDSL-like Lipase/Acylhydrolase family",NA,"asmbl_78387"
"HVAEP1-G010255",0.962752021221579,NA,NA,NA,NA,NA,"PTHR11592:SF88","GLUTATHIONE PEROXIDASE","PF00255","Glutathione peroxidase","GPX1_PIG;Glutathione_peroxidase_1","asmbl_49613"
"HVAEP1-G006206",0.962609318331149,NA,NA,NA,NA,NA,NA,NA,"PF00059","Lectin C-type domain","SLB2_DEIAC;Snaclec_agglucetin_subunit_beta-2","asmbl_74545"
"HVAEP1-G019589",0.96247752288526,NA,NA,NA,NA,NA,NA,NA,"PF01391","Collagen triple helix repeat (20 copies)",NA,"asmbl_13787"
"HVAEP1-G026990",0.957022249967031,NA,NA,NA,NA,NA,NA,NA,NA,NA,NA,"asmbl_75619"
"HVAEP1-G015720",0.955194320747449,"OG0000736","M3, clos","FBgn0005390, FBgn0261016",NA,NA,"PTHR22918","SEMINAL PLASMA PROTEIN","PF03736","EPTP domain","TSEAR_MOUSE;Thrombospondin-type_laminin_G_domain_and_EAR_repeat-containing_protein","asmbl_36637"
"HVAEP1-G020692",0.954317716137088,NA,NA,NA,NA,NA,NA,NA,"PF01370","NAD dependent epimerase/dehydratase family",NA,"asmbl_74674"
"HVAEP1-G019779",0.948534571432982,NA,NA,NA,NA,NA,NA,NA,NA,NA,NA,"asmbl_40738"
"HVAEP1-G010991",0.947482951854846,NA,NA,NA,NA,NA,"PTHR34407","EXPRESSED PROTEIN",NA,NA,NA,"asmbl_65564"
"HVAEP1-G018218",0.94731270812675,NA,NA,NA,NA,NA,NA,NA,NA,NA,NA,"CLYHEMG010410"
"HVAEP1-G005193",0.94648766361025,"OG0001110","LMLN","ENSG00000185621","leishmanolysin like peptidase",NA,"PTHR10942","LEISHMANOLYSIN-LIKE PEPTIDASE","PF01457","Leishmanolysin","LMLN_MOUSE;Leishmanolysin-like_peptidase","asmbl_32817"
"HVAEP1-G021739",0.944920227377363,"OG0000040","uif","FBgn0031879",NA,NA,"PTHR24033:SF181","C-TYPE LECTIN","PF00092; PF00431; PF07645; PF12661; PF00008; PF02494; PF00084; PF07699; PF00354","von Willebrand factor type A domain; CUB domain; Calcium-binding EGF domain; Human growth factor-like EGF; EGF-like domain; HYR domain; Sushi repeat (SCR repeat); Putative ephrin-receptor like; Pentaxin family","SVEP1_MOUSE;Sushi,_von_Willebrand_factor_type_A,_EGF_and_pentraxin_domain-containing_protein_1","asmbl_63074"
"HVAEP1-G020405",0.944918585701247,"OG0000243","MFSD6","ENSG00000151690","major facilitator superfamily domain containing 6",NA,NA,NA,"PF12832","MFS_1 like family","MFSD6_MOUSE;Major_facilitator_superfamily_domain-containing_protein_6","asmbl_54296"
"HVAEP1-G020262",0.939566734662349,NA,NA,NA,NA,NA,NA,NA,NA,NA,NA,"CLYHEMG003262"
"HVAEP1-G002610",0.939509689444816,NA,NA,NA,NA,NA,"PTHR11733:SF216","NEPRILYSIN-1","PF05649","Peptidase family M13","ECE2_HUMAN;Endothelin-converting_enzyme_2","asmbl_2412"
"HVAEP1-G023510",0.937795489131749,NA,NA,NA,NA,NA,NA,NA,NA,NA,NA,"asmbl_39098"
"HVAEP1-G023637",0.936712932639024,"OG0000146","LNPEP, ERAP2, ERAP1","ENSG00000113441, ENSG00000164308, ENSG00000164307","leucyl and cystinyl aminopeptidase, endoplasmic reticulum aminopeptidase 2, endoplasmic reticulum aminopeptidase 1",NA,NA,NA,"PF17900; PF11838; PF01433","Peptidase M1 N-terminal domain; ERAP1-like C-terminal domain; Peptidase family M1 domain","AMPE_RAT;Glutamyl_aminopeptidase","CLYHEMG021517"
"HVAEP1-G027734",0.935756179134965,NA,NA,NA,NA,NA,NA,NA,"PF01391; PF02140","Collagen triple helix repeat (20 copies); Galactose binding lectin domain","EVA1C_MOUSE;Protein_eva-1_homolog_C","asmbl_45826"
"HVAEP1-G026961",0.932313915685974,NA,NA,NA,NA,NA,NA,NA,NA,NA,NA,"asmbl_21749"
"HVAEP1-G021609",0.930866496909959,NA,NA,NA,NA,NA,NA,NA,NA,NA,NA,"asmbl_38449"
"HVAEP1-G020561",0.930004360218199,NA,NA,NA,NA,NA,NA,NA,"PF12832","MFS_1 like family","MFSD6_PIG;Major_facilitator_superfamily_domain-containing_protein_6","asmbl_88213"
"HVAEP1-G023645",0.929258651856091,NA,NA,NA,NA,NA,NA,NA,NA,NA,NA,"asmbl_67548"
"HVAEP1-G002022",0.92840647548346,"OG0001847","TSTD3","ENSG00000279170","thiosulfate sulfurtransferase like domain containing 3",NA,"PTHR44086:SF1","THIOSULFATE SULFURTRANSFERASE/RHODANESE-LIKE DOMAIN-CONTAINING PROTEIN 3","PF00581; PF01607","Rhodanese-like domain; Chitin binding Peritrophin-A domain","TSTD3_MOUSE;Thiosulfate_sulfurtransferase/rhodanese-like_domain-containing_protein_3","asmbl_23104"
"HVAEP1-G023653",0.926209814886456,NA,NA,NA,NA,NA,NA,NA,NA,NA,NA,"asmbl_50771"
"HVAEP1-G007752",0.925707010254994,NA,NA,NA,NA,NA,"PTHR43941","STRUCTURAL MAINTENANCE OF CHROMOSOMES PROTEIN 2",NA,NA,NA,"asmbl_82238"
"HVAEP1-G022880",0.923493635768684,NA,NA,NA,NA,NA,NA,NA,"PF08685; PF00086; PF01390","GON domain; Thyroglobulin type-1 repeat; SEA domain","EQST_ACTEQ;Equistatin","asmbl_31008"
"HVAEP1-G022460",0.923185256761159,"OG0000745","DKK4, DKK2, DKK1, DKK3","ENSG00000104371, ENSG00000155011, ENSG00000107984, ENSG00000050165","dickkopf WNT signaling pathway inhibitor 1, dickkopf WNT signaling pathway inhibitor 4, dickkopf WNT signaling pathway inhibitor 2, dickkopf WNT signaling pathway inhibitor 3",NA,NA,NA,NA,NA,NA,"asmbl_73616"
"HVAEP1-G022180",0.923018969065424,NA,NA,NA,NA,"FJ177032.1; nematoblast-specific protein nb035-sv2 (nb035), complete cds, alternatively spliced",NA,NA,NA,NA,NA,"asmbl_6051"
"HVAEP1-G018425",0.92287239909487,NA,NA,NA,NA,NA,NA,NA,NA,NA,NA,"asmbl_16782"
"HVAEP1-G011620",0.921675321239407,NA,NA,NA,NA,NA,NA,NA,NA,NA,NA,"asmbl_89169"
"HVAEP1-G001799",0.920850133730509,NA,NA,NA,NA,NA,"PTHR46182","FI19480P1",NA,NA,NA,"asmbl_81881"
"HVAEP1-G003948",0.919628259061973,NA,NA,NA,NA,NA,NA,NA,NA,NA,NA,"asmbl_60263"
"HVAEP1-G021815",0.91918662959904,"OG0000073","ASCL3, ASCL5, ASCL4","ENSG00000176009, ENSG00000232237, ENSG00000187855","achaete-scute family bHLH transcription factor 3, achaete-scute family bHLH transcription factor 4, achaete-scute family bHLH transcription factor 5","AY336082.1; achaete-scute-like protein","PTHR13935:SF55","ACHAETE-SCUTE HOMOLOG 5","PF00010","Helix-loop-helix DNA-binding domain","ASCL4_HUMAN;Achaete-scute_homolog_4","asmbl_30989"
"HVAEP1-G010380",0.917963169004253,"OG0001431","TBC1D8B, TBC1D8, TBC1D9, TBC1D9B, TBC1D9B","ENSG00000133138, ENSG00000204634, ENSG00000109436, ENSG00000284400, ENSG00000197226","TBC1 domain family member 9B, TBC1 domain family member 8B, TBC1 domain family member 9, TBC1 domain family member 8",NA,NA,NA,NA,NA,NA,"asmbl_49693"
"HVAEP1-G005780",0.917505814266459,"OG0002021","EBF2, EBF1, EBF3, EBF4","ENSG00000221818, ENSG00000164330, ENSG00000108001, ENSG00000088881","EBF family member 4, EBF transcription factor 2, EBF transcription factor 3, EBF transcription factor 1",NA,"PTHR10747:SF38","TRANSCRIPTION FACTOR COLLIER","PF16423; PF01833; PF16422","Transcription factor COE1 helix-loop-helix domain; IPT/TIG domain; Transcription factor COE1 DNA-binding domain","COE1_RAT;Transcription_factor_COE1","asmbl_85734"
"HVAEP1-G004152",0.917347019219194,NA,NA,NA,NA,NA,NA,NA,NA,NA,NA,"asmbl_40356"
"HVAEP1-G014870",0.916326046690238,NA,NA,NA,NA,NA,NA,NA,NA,NA,NA,"CLYHEMG023587"
"HVAEP1-G004573",0.916094365612018,NA,NA,NA,NA,NA,NA,NA,NA,NA,NA,"asmbl_36902"
"HVAEP1-G023601",0.914029245930734,NA,NA,NA,NA,NA,NA,NA,NA,NA,NA,"CLYHEMG010572"
"HVAEP1-G003984",0.91400688476462,"OG0000008","try-10","WBGene00008849","TRYpsin-like protease",NA,"PTHR24250:SF27","ELASTASE 2-LIKE","PF00089; PF01549","Trypsin; ShK domain-like","CEL3B_MOUSE;Chymotrypsin-like_elastase_family_member_3B","asmbl_88447"
"HVAEP1-G023834",0.913540631632972,NA,NA,NA,NA,NA,NA,NA,"PF00095","WAP-type (Whey Acidic Protein) 'four-disulfide core'",NA,"asmbl_79182"
"HVAEP1-G026019",0.908724351032281,"OG0000541","APOB","ENSG00000084674","apolipoprotein B",NA,"PTHR23345","VITELLOGENIN-RELATED","PF01347; PF06448; PF09172; PF00094","Lipoprotein amino terminal region; Domain of Unknown Function (DUF1081); Domain of unknown function (DUF1943); von Willebrand factor type D domain","APLP_LOCMI;Apolipophorins","asmbl_48975"
"HVAEP1-G004349",0.907320964112402,NA,NA,NA,NA,NA,"PTHR10827:SF52","IP16409P","PF13202","EF hand","CALUB_SALSA;Calumenin-B","asmbl_19890"
"HVAEP1-G016545",0.906422381934512,NA,NA,NA,NA,NA,NA,NA,NA,NA,NA,"asmbl_80609"
"HVAEP1-G022046",0.905099151694753,NA,NA,NA,NA,NA,"PTHR31802:SF3","32 KDA HEAT SHOCK PROTEIN",NA,NA,NA,"CLYHEMG010108"
"HVAEP1-G003945",0.904418310684525,NA,NA,NA,NA,NA,NA,NA,NA,NA,NA,"asmbl_52118"
"HVAEP1-G007966",0.903174148972132,NA,NA,NA,NA,NA,NA,NA,NA,NA,NA,"asmbl_76729"
"HVAEP1-G005073",0.903037514021369,"OG0005657","MMAA","ENSG00000151611","metabolism of cobalamin associated A",NA,"PTHR23408","METHYLMALONYL-COA MUTASE","PF03308","Methylmalonyl Co-A mutase-associated GTPase MeaB","MMAA_HUMAN;Methylmalonic_aciduria_type_A_protein,_mitochondrial","asmbl_68918"
"HVAEP1-G006618",0.902554026661107,"OG0000736","M3, clos","FBgn0005390, FBgn0261016",NA,NA,"PTHR22918","SEMINAL PLASMA PROTEIN","PF03736","EPTP domain","TSEAR_MOUSE;Thrombospondin-type_laminin_G_domain_and_EAR_repeat-containing_protein","asmbl_34088"
"HVAEP1-G015934",0.901128243722458,NA,NA,NA,NA,NA,"PTHR24269:SF16","PROTEIN CBG14225","PF01822","WSC domain","KREM1_HUMAN;Kremen_protein_1","asmbl_85197"
"HVAEP1-G003928",0.900754660993085,NA,NA,NA,NA,NA,NA,NA,NA,NA,NA,"asmbl_65315"
"HVAEP1-G023379",0.90041466535474,"OG0000403","VILL, AVIL, VIL1, CAPG, SCIN, GSN","ENSG00000136059, ENSG00000135407, ENSG00000127831, ENSG00000042493, ENSG00000006747, ENSG00000148180","scinderin, gelsolin, advillin, capping actin protein, gelsolin like, villin like, villin 1",NA,NA,NA,"PF00626","Gelsolin repeat","AVIL_RAT;Advillin","asmbl_46355"
"HVAEP1-G008398",0.899487623694819,"OG0000073","NEUROD4, NEUROD2, NEUROD6, NEUROD1","ENSG00000123307, ENSG00000171532, ENSG00000164600, ENSG00000162992","neuronal differentiation 6, neuronal differentiation 4, neuronal differentiation 2, neuronal differentiation 1",NA,NA,NA,"PF00010","Helix-loop-helix DNA-binding domain","NDF4_CHICK;Neurogenic_differentiation_factor_4","asmbl_41995"
"HVAEP1-G022348",0.899415145072157,NA,NA,NA,NA,"KY053289.1; strain Ind-Pune histone H2A.X.2","PTHR23430:SF72","HISTONE H2A TYPE 2-B","PF16211; PF00125","C-terminus of histone H2A; Core histone H2A/H2B/H3/H4","H2A_ACRFO;Histone_H2A","asmbl_41592"
"HVAEP1-G003877",0.897521711541523,NA,NA,NA,NA,NA,NA,NA,NA,NA,NA,"asmbl_36992"
"HVAEP1-G028471",0.897311105345079,NA,NA,NA,NA,NA,NA,NA,NA,NA,NA,"asmbl_65499"
"HVAEP1-G025690",0.896628521881673,"OG0000014","TRIM56","ENSG00000169871","tripartite motif containing 56",NA,"PTHR24104:SF25","E3 UBIQUITIN-PROTEIN LIGASE TRIM71","PF00630; PF01436; PF00643; PF00097","Filamin/ABP280 repeat; NHL repeat; B-box zinc finger; Zinc finger, C3HC4 type (RING finger)","LIN41_DANRE;E3_ubiquitin-protein_ligase_TRIM71","asmbl_20158"
"HVAEP1-G004123",0.895658305893867,"OG0002260","sens","FBgn0002573",NA,NA,"PTHR24399:SF41","ZINC FINGER PROTEIN GFI-1B","PF00096","Zinc finger, C2H2 type",NA,"asmbl_28841"
"HVAEP1-G012038",0.894828097909179,NA,NA,NA,NA,NA,NA,NA,NA,NA,NA,"asmbl_89275"
"HVAEP1-G001881",0.893742952713982,NA,NA,NA,NA,NA,"PTHR24393:SF87","FI17950P1","PF00096; PF04814; PF13465","Zinc finger, C2H2 type; Hepatocyte nuclear factor 1 (HNF-1), N terminus; Zinc-finger double domain",NA,"asmbl_53523"
"HVAEP1-G015707",0.892852505807176,NA,NA,NA,NA,NA,NA,NA,NA,NA,NA,"asmbl_86160"
"HVAEP1-G021993",0.892344732520895,NA,NA,NA,NA,NA,"PTHR24034:SF134","CYSTEINE RICH WITH EGF (EGF) LIKE DOMAINS HOMOLOG","PF02494; PF14670; PF00047; PF00084; PF07699; PF07645","HYR domain; Coagulation Factor Xa inhibitory site; Immunoglobulin domain; Sushi repeat (SCR repeat); Putative ephrin-receptor like; Calcium-binding EGF domain","SVEP1_RAT;Sushi,_von_Willebrand_factor_type_A,_EGF_and_pentraxin_domain-containing_protein_1","asmbl_86766"
"HVAEP1-G010765",0.890599459699388,"OG0000208","FSHR, LHCGR, TSHR","ENSG00000170820, ENSG00000138039, ENSG00000165409","thyroid stimulating hormone receptor, luteinizing hormone/choriogonadotropin receptor, follicle stimulating hormone receptor",NA,"PTHR24372:SF74","LP13728P","PF00001; PF13855","7 transmembrane receptor (rhodopsin family); Leucine rich repeat","FSHR_CHICK;Follicle-stimulating_hormone_receptor","asmbl_48186"
"HVAEP1-G021820",0.890298096713043,"OG0000745","DKK4, DKK2, DKK1, DKK3","ENSG00000104371, ENSG00000155011, ENSG00000107984, ENSG00000050165","dickkopf WNT signaling pathway inhibitor 1, dickkopf WNT signaling pathway inhibitor 4, dickkopf WNT signaling pathway inhibitor 2, dickkopf WNT signaling pathway inhibitor 3","AY332609.1; dickkopf-3 related protein",NA,NA,NA,NA,NA,"asmbl_50775"
"HVAEP1-G021814",0.888543907260862,"OG0000745","DKK4, DKK2, DKK1, DKK3","ENSG00000104371, ENSG00000155011, ENSG00000107984, ENSG00000050165","dickkopf WNT signaling pathway inhibitor 1, dickkopf WNT signaling pathway inhibitor 4, dickkopf WNT signaling pathway inhibitor 2, dickkopf WNT signaling pathway inhibitor 3",NA,"PTHR12113:SF6","DICKKOPF3-LIKE 3",NA,NA,"DKK3_MOUSE;Dickkopf-related_protein_3","asmbl_11364"
"HVAEP1-G017605",0.887613286120316,NA,NA,NA,NA,NA,NA,NA,"PF01400","Astacin (Peptidase family M12A)","TLL1_CHICK;Tolloid-like_protein_1","asmbl_65402"
"HVAEP1-G001584",0.885417931588252,NA,NA,NA,NA,NA,"PTHR16059:SF25","THROMBOSPONDIN-RELATED ANONYMOUS PROTEIN",NA,NA,NA,"asmbl_18975"
"HVAEP1-G006844",0.885308960781509,NA,NA,NA,NA,NA,NA,NA,"PF00069","Protein kinase domain","NEK5_MOUSE;Serine/threonine-protein_kinase_Nek5","CLYHEMG012488"
"HVAEP1-G027543",0.883334997606316,"OG0001792","IZUMO1R, FOLR1, FOLR3, FOLR2","ENSG00000183560, ENSG00000110195, ENSG00000110203, ENSG00000165457","folate receptor alpha, folate receptor gamma, IZUMO1 receptor, JUNO, folate receptor beta",NA,"PTHR10517:SF14","ZGC:165502","PF03024","Folate receptor family","FOLR3_HUMAN;Folate_receptor_gamma","asmbl_86647"
"HVAEP1-G018874",0.880018279794928,NA,NA,NA,NA,NA,"PTHR36963","HELICASE","PF00090","Thrombospondin type 1 domain","HMCN1_HUMAN;Hemicentin-1","asmbl_50463"
"HVAEP1-G022798",0.878365435312265,"OG0000242","MAPK15, MAPK15","ENSG00000274205, ENSG00000181085","mitogen-activated protein kinase 15",NA,"PTHR24055:SF79","MITOGEN-ACTIVATED PROTEIN KINASE 15","PF00069","Protein kinase domain","MK15_XENLA;Mitogen-activated_protein_kinase_15","asmbl_36290"
"HVAEP1-G019617",0.87665805247009,NA,NA,NA,NA,NA,"PTHR16165","BRUSH BORDER-RELATED",NA,NA,NA,"asmbl_45257"
"HVAEP1-G006103",0.875713800805382,"OG0008571","klu","FBgn0013469",NA,"JQ994221.1; transcription factor ZNF845","PTHR24377:SF189","ZINC FINGER PROTEIN 7","PF00096; PF13465","Zinc finger, C2H2 type; Zinc-finger double domain",NA,"asmbl_4245"
"HVAEP1-G014913",0.875022896163282,NA,NA,NA,NA,NA,"PTHR10846:SF42","ZYDECO, ISOFORM F","PF01699","Sodium/calcium exchanger protein","NCKX5_DANRE;Sodium/potassium/calcium_exchanger_5","asmbl_32682"
"HVAEP1-G007798",0.874610304611034,NA,NA,NA,NA,NA,NA,NA,"PF00754","F5/8 type C domain",NA,"asmbl_76799"
"HVAEP1-G006972",0.873520416852746,NA,NA,NA,NA,NA,"PTHR15337","ANTERIOR GRADIENT PROTEIN-RELATED","PF13899","Thioredoxin-like","TXD12_EPICO;Thioredoxin_domain-containing_protein_12","asmbl_63289"
"HVAEP1-G007760",0.872289819806274,NA,NA,NA,NA,NA,"PTHR11771:SF153","LIPOXYGENASE 6, CHLOROPLASTIC","PF00305; PF01477","Lipoxygenase; PLAT/LH2 domain","LOX5_MESAU;Polyunsaturated_fatty_acid_5-lipoxygenase","asmbl_90864"
"HVAEP1-G007132",0.871140166238869,NA,NA,NA,NA,NA,NA,NA,"PF00225","Kinesin motor domain","KIF5C_HUMAN;Kinesin_heavy_chain_isoform_5C","asmbl_16798"
"HVAEP1-G028535",0.871019753993308,NA,NA,NA,NA,NA,NA,NA,"PF00010","Helix-loop-helix DNA-binding domain","MAX_CHICK;Protein_max","asmbl_48429"
"HVAEP1-G028451",0.869274024533523,NA,NA,NA,NA,"AB583747.1; nematogalectin-related 2","PTHR24637:SF281","COLLAGEN-RELATED","PF02140; PF01391","Galactose binding lectin domain; Collagen triple helix repeat (20 copies)","SML_SCONI;L-rhamnose-binding_lectin_SML","asmbl_51642"
"HVAEP1-G011097",0.869273274304816,NA,NA,NA,NA,NA,NA,NA,"PF07779","10 TM Acyl Transferase domain found in Cas1p","RWA3_ARATH;Protein_REDUCED_WALL_ACETYLATION_3","asmbl_16003"
"HVAEP1-G025495",0.868916568381734,NA,NA,NA,NA,NA,NA,NA,"PF00085","Thioredoxin","ERP60_SCHMA;Probable_protein_disulfide-isomerase_ER-60","asmbl_9897"
"HVAEP1-G004294",0.866346687413236,NA,NA,NA,NA,NA,NA,NA,NA,NA,NA,"CLYHEMG022239"
"HVAEP1-G028879",0.865538453151531,"OG0005747","TP53INP1, TP53INP2","ENSG00000164938, ENSG00000078804","tumor protein p53 inducible nuclear protein 2, tumor protein p53 inducible nuclear protein 1",NA,"PTHR31671","DIABETES AND OBESITY REGULATED, ISOFORM G","PF14839","DOR family","T53I1_MOUSE;Tumor_protein_p53-inducible_nuclear_protein_1","asmbl_42860"
"HVAEP1-G007700",0.865237042177161,NA,NA,NA,NA,NA,"PTHR24044:SF417","PROTEIN LIN-12","PF00008","EGF-like domain","CUBN_CAEEL;Cubilin_homolog","asmbl_3344"
"HVAEP1-G019967",0.864264871937159,NA,NA,NA,NA,NA,"PTHR46780:SF13","SI:CH211-66I15.5","PF02140","Galactose binding lectin domain","EVA1C_HUMAN;Protein_eva-1_homolog_C","asmbl_90549"
"HVAEP1-G023860",0.864236339568712,"OG0000106","26-29-p","FBgn0250848",NA,NA,"PTHR12411:SF575","ZGC:110239","PF08246; PF00112","Cathepsin propeptide inhibitor domain (I29); Papain family cysteine protease","CFAD_DICDI;Counting_factor_associated_protein_D","asmbl_72836"
"HVAEP1-G022307",0.862475386728291,NA,NA,NA,NA,NA,NA,NA,NA,NA,NA,"asmbl_66370"
"HVAEP1-G019611",0.861449632638157,"OG0000751","spp-15","WBGene00005000","SaPosin-like Protein family",NA,"PTHR11480:SF84","BCDNA.GH08312",NA,NA,NA,"asmbl_8020"
"HVAEP1-G028385",0.861000684243362,NA,NA,NA,NA,"AB588620.1; nematogalectin, complete cds, strain: AEP",NA,NA,"PF01391; PF02140","Collagen triple helix repeat (20 copies); Galactose binding lectin domain","SML_SCONI;L-rhamnose-binding_lectin_SML","asmbl_51656"
"HVAEP1-G022847",0.85910517589301,"OG0000413","rin","FBgn0015778",NA,NA,"PTHR19324","PERFORIN-LIKE PROTEIN 1","PF16977","C-terminal domain of apextrin",NA,"asmbl_830"
"HVAEP1-G012183",0.857976563655657,"OG0001704","HYAL1, HYAL4, SPAM1, HYAL2, HYAL3","ENSG00000114378, ENSG00000106302, ENSG00000106304, ENSG00000068001, ENSG00000186792","hyaluronidase 1, hyaluronidase 2, hyaluronidase 4, sperm adhesion molecule 1, hyaluronidase 3",NA,"PTHR11769","HYALURONIDASE","PF01630","Hyaluronidase","HYAL1_PIG;Hyaluronidase-1","asmbl_15973"
"HVAEP1-G008919",0.856962814633342,NA,NA,NA,NA,NA,"PTHR45645:SF8","DORSAL-VENTRAL PATTERNING PROTEIN TOLLOID-RELATED","PF00431","CUB domain","CUBN_CANLF;Cubilin","asmbl_8854"
"HVAEP1-G012846",0.855862008516732,"OG0001189","PLK5, PLK2, PLK3","ENSG00000185988, ENSG00000145632, ENSG00000173846","polo like kinase 5 (inactive), polo like kinase 2, polo like kinase 3",NA,NA,NA,"PF00659; PF00069","POLO box duplicated region; Protein kinase domain","PLK1_XENLA;Serine/threonine-protein_kinase_PLK1","asmbl_25568"
"HVAEP1-G009465",0.854546659816682,NA,NA,NA,NA,NA,NA,NA,"PF00373; PF09380; PF09379","FERM central domain; FERM C-terminal PH-like domain; FERM N-terminal domain","FRMD5_MOUSE;FERM_domain-containing_protein_5","CLYHEMG019168"
"HVAEP1-G022092",0.853009586135192,NA,NA,NA,NA,"JN379588.1; boule-like protein 1 (bol1)","PTHR11176:SF14","PROTEIN BOULE","PF00076","RNA recognition motif. (a.k.a. RRM, RBD, or RNP domain)","BOLL_HUMAN;Protein_boule-like","asmbl_59860"
"HVAEP1-G025406",0.852874643267052,NA,NA,NA,NA,NA,NA,NA,NA,NA,NA,"asmbl_26357"
"HVAEP1-G015336",0.850856350795381,NA,NA,NA,NA,NA,"PTHR10404","N-ACETYLATED-ALPHA-LINKED ACIDIC DIPEPTIDASE","PF04389; PF02225; PF04253","Peptidase family M28; PA domain; Transferrin receptor-like dimerisation domain","NALD2_MOUSE;N-acetylated-alpha-linked_acidic_dipeptidase_2","asmbl_32692"
"HVAEP1-G006607",0.849414591602959,"OG0000938","WDTC1","ENSG00000142784","WD and tetratricopeptide repeats 1",NA,"PTHR15574:SF40","WD AND TETRATRICOPEPTIDE REPEATS PROTEIN 1","PF00400","WD domain, G-beta repeat","WDTC1_HUMAN;WD_and_tetratricopeptide_repeats_protein_1","asmbl_35001"
"HVAEP1-G021599",0.848612889369666,NA,NA,NA,NA,NA,NA,NA,"PF10277","Frag1/DRAM/Sfk1 family","DRAM1_HUMAN;DNA_damage-regulated_autophagy_modulator_protein_1","asmbl_58714"
"HVAEP1-G025550",0.846451889916142,"OG0000193","ninaA","FBgn0002936",NA,NA,"PTHR11071:SF477","PEPTIDYL-PROLYL CIS-TRANS ISOMERASE B","PF00160","Cyclophilin type peptidyl-prolyl cis-trans isomerase/CLD","PPIB_CHICK;Peptidyl-prolyl_cis-trans_isomerase_B","asmbl_20189"
"HVAEP1-G023479",0.845767936503498,NA,NA,NA,NA,NA,"PTHR34407","EXPRESSED PROTEIN",NA,NA,NA,"asmbl_33910"
"HVAEP1-G010789",0.844916101748055,"OG0002571","NME9, NME8","ENSG00000181322, ENSG00000086288","NME/NM23 family member 8, NME/NM23 family member 9",NA,"PTHR46135","NME/NM23 FAMILY MEMBER 8","PF00334; PF00085","Nucleoside diphosphate kinase; Thioredoxin","TXND6_XENLA;Thioredoxin_domain-containing_protein_6","asmbl_27137"
"HVAEP1-G022744",0.842914682850262,NA,NA,NA,NA,NA,NA,NA,NA,NA,NA,"asmbl_50829"
"HVAEP1-G020291",0.842570010213426,"OG0000328","COL3A1, COL5A2, COL2A1, COL1A1, COL1A2","ENSG00000168542, ENSG00000204262, ENSG00000139219, ENSG00000108821, ENSG00000164692","collagen type II alpha 1 chain, collagen type I alpha 2 chain, collagen type I alpha 1 chain, collagen type V alpha 2 chain, collagen type III alpha 1 chain","AF525468.1; fibrillar collagen precursor","PTHR24023:SF58","COLLAGEN ALPHA-1(II) CHAIN","PF01391; PF01410","Collagen triple helix repeat (20 copies); Fibrillar collagen C-terminal domain","CO2A1_CHICK;Collagen_alpha-1(II)_chain_(Fragment)","asmbl_13014"
"HVAEP1-G020792",0.840450960117791,NA,NA,NA,NA,NA,NA,NA,NA,NA,NA,"asmbl_84729"
"HVAEP1-G010990",0.83926784181918,"OG0001478","NOP58","ENSG00000055044","NOP58 ribonucleoprotein",NA,"PTHR10894:SF1","NUCLEOLAR PROTEIN 58","PF08156; PF01798","NOP5NT (NUC127) domain; snoRNA binding domain, fibrillarin","NOP58_HUMAN;Nucleolar_protein_58","asmbl_53633"
"HVAEP1-G027970",0.838633208646965,"OG0003213","SCCPDH","ENSG00000143653","saccharopine dehydrogenase (putative)",NA,"PTHR12286:SF5","SACCHAROPINE DEHYDROGENASE-LIKE OXIDOREDUCTASE","PF03435","Saccharopine dehydrogenase NADP binding domain","SCPDL_RAT;Saccharopine_dehydrogenase-like_oxidoreductase","asmbl_62581"
"HVAEP1-G007699",0.837165237478065,NA,NA,NA,NA,NA,"PTHR10869:SF151","FI16820P1-RELATED","PF13640; PF08336","2OG-Fe(II) oxygenase superfamily; Prolyl 4-Hydroxylase alpha-subunit, N-terminal region","P4HA1_RAT;Prolyl_4-hydroxylase_subunit_alpha-1","asmbl_3352"
"HVAEP1-G022521",0.836104010464609,"OG0000139","KCTD12, KCTD16, KCTD8","ENSG00000178695, ENSG00000183775, ENSG00000183783","potassium channel tetramerization domain containing 12, potassium channel tetramerization domain containing 8, potassium channel tetramerization domain containing 16",NA,"PTHR14499:SF68","BTB/POZ DOMAIN-CONTAINING PROTEIN KCTD8","PF02214","BTB/POZ domain","KCD16_MOUSE;BTB/POZ_domain-containing_protein_KCTD16","asmbl_50601"
"HVAEP1-G023533",0.835868704491624,NA,NA,NA,NA,NA,NA,NA,NA,NA,NA,"asmbl_59278"
"HVAEP1-G020286",0.834944176850782,NA,NA,NA,NA,NA,NA,NA,NA,NA,NA,"asmbl_78614"
"HVAEP1-G006942",0.834887184696704,NA,NA,NA,NA,NA,NA,NA,"PF00188","Cysteine-rich secretory protein family","GAPR1_MOUSE;Golgi-associated_plant_pathogenesis-related_protein_1","asmbl_38224"
"HVAEP1-G024029",0.833996452963622,NA,NA,NA,NA,NA,NA,NA,NA,NA,NA,"asmbl_50765"
"HVAEP1-G021469",0.832832803835753,NA,NA,NA,NA,NA,"PTHR24243:SF208","G-PROTEIN COUPLED RECEPTOR 19-RELATED","PF00001","7 transmembrane receptor (rhodopsin family)",NA,"asmbl_19280"
"HVAEP1-G023480",0.832592553433233,"OG0004779","CG12567","FBgn0039958",NA,NA,"PTHR13622:SF10","SI:DKEY-6N6.2","PF15916; PF00293","Domain of unknown function (DUF4743); NUDIX domain","NUD24_ARATH;Nudix_hydrolase_24,_chloroplastic","asmbl_33905"
"HVAEP1-G021200",0.830662221668904,"OG0007369","M01H9.2","WBGene00019718","hypothetical protein",NA,NA,NA,NA,NA,NA,"asmbl_87840"
"HVAEP1-G005557",0.829357527880504,"OG0000067","FOXN4, FOXN1","ENSG00000139445, ENSG00000109101","forkhead box N4, forkhead box N1",NA,"PTHR46721","FORKHEAD BOX PROTEIN N1","PF00250","Forkhead domain","FOXN4_DANRE;Forkhead_box_protein_N4","asmbl_10259"
"HVAEP1-G004295",0.827617146421436,NA,NA,NA,NA,NA,NA,NA,NA,NA,NA,"asmbl_30528"
"HVAEP1-G010752",0.825359833452311,NA,NA,NA,NA,NA,NA,NA,NA,NA,NA,"asmbl_17877"
"HVAEP1-G003992",0.82455754447552,"OG0000014","TRIM56","ENSG00000169871","tripartite motif containing 56",NA,NA,NA,"PF00643; PF00630; PF01436; PF17170","B-box zinc finger; Filamin/ABP280 repeat; NHL repeat; 6-bladed beta-propeller","LIN41_DANRE;E3_ubiquitin-protein_ligase_TRIM71","asmbl_52514"
"HVAEP1-G013001",0.82400826210917,"OG0004716","PCNA","ENSG00000132646","proliferating cell nuclear antigen","MK123983.1; voucher AHNUHV 2011003 proliferating cell nuclear antigen (PCNA)","PTHR11352:SF0","PROLIFERATING CELL NUCLEAR ANTIGEN","PF02747; PF00705","Proliferating cell nuclear antigen, C-terminal domain; Proliferating cell nuclear antigen, N-terminal domain","PCNA_HUMAN;Proliferating_cell_nuclear_antigen","asmbl_51303"
"HVAEP1-G022693",0.823742737558297,NA,NA,NA,NA,NA,NA,NA,"PF00170","bZIP transcription factor","CR3L2_HUMAN;Cyclic_AMP-responsive_element-binding_protein_3-like_protein_2","asmbl_73626"
"HVAEP1-G006072",0.822454910017212,"OG0000669","KPNA7, KPNA7, KPNA2","ENSG00000284068, ENSG00000185467, ENSG00000182481","karyopherin subunit alpha 7, karyopherin subunit alpha 2",NA,"PTHR23316:SF65","IMPORTIN SUBUNIT ALPHA","PF16186; PF01749; PF00514","Atypical Arm repeat; Importin beta binding domain; Armadillo/beta-catenin-like repeat","IMA1_XENLA;Importin_subunit_alpha-1","asmbl_46265"
"HVAEP1-G019562",0.822422732972295,"OG0000126","rdh11","ENSXETG00000014949","retinol dehydrogenase 11",NA,"PTHR43157:SF45","WW DOMAIN-CONTAINING OXIDOREDUCTASE-LIKE PROTEIN","PF00106","short chain dehydrogenase","RDH13_MOUSE;Retinol_dehydrogenase_13","asmbl_89083"
"HVAEP1-G009982",0.822231394474244,"OG0000192","FKBP10, FKBP9","ENSG00000141756, ENSG00000122642","FKBP prolyl isomerase 9, FKBP prolyl isomerase 10",NA,NA,NA,"PF13499; PF00254","EF-hand domain pair; FKBP-type peptidyl-prolyl cis-trans isomerase","FKB2B_RHIO9;FK506-binding_protein_2B","asmbl_56995"
"HVAEP1-G028560",0.822054234577733,"OG0006072","CEP152","ENSG00000103995","centrosomal protein 152",NA,"PTHR10337:SF6","CENTROSOMAL PROTEIN OF 152 KDA",NA,NA,"CE152_XENLA;Centrosomal_protein_of_152_kDa","asmbl_82961"
"HVAEP1-G027432",0.82081489479247,NA,NA,NA,NA,NA,"PTHR46780:SF8","MGC171851 PROTEIN-RELATED","PF02140","Galactose binding lectin domain","EVA1C_MOUSE;Protein_eva-1_homolog_C","asmbl_55471"
"HVAEP1-G019112",0.819427017972007,NA,NA,NA,NA,NA,NA,NA,"PF00092","von Willebrand factor type A domain",NA,"asmbl_56015"
"HVAEP1-G023684",0.818562626078745,"OG0004564","DNAJC22","ENSG00000178401","DnaJ heat shock protein family (Hsp40) member C22",NA,"PTHR44733","DNAJ HOMOLOG SUBFAMILY C MEMBER 22","PF00226; PF05154","DnaJ domain; TM2 domain","DJC22_RAT;DnaJ_homolog_subfamily_C_member_22","asmbl_63586"
"HVAEP1-G009580",0.818501586934511,"OG0001478","NOP56","ENSG00000101361","NOP56 ribonucleoprotein",NA,"PTHR10894:SF0","NUCLEOLAR PROTEIN 56","PF08156; PF01798","NOP5NT (NUC127) domain; snoRNA binding domain, fibrillarin","NOP56_MOUSE;Nucleolar_protein_56","asmbl_9239"
"HVAEP1-G019998",0.817731675572222,NA,NA,NA,NA,NA,"PTHR15382:SF3","PROTEIN CANOPY HOMOLOG 4","PF11938","TLR4 regulator and MIR-interacting MSAP","CNPY4_DANRE;Protein_canopy_4","asmbl_90603"
"HVAEP1-G015639",0.817532504445794,NA,NA,NA,NA,NA,NA,NA,NA,NA,NA,"asmbl_66898"
"HVAEP1-G022882",0.817089307112876,NA,NA,NA,NA,NA,"PTHR23280:SF13","E3 UBIQUITIN-PROTEIN LIGASE MYLIP","PF09380; PF13920; PF09379; PF00373","FERM C-terminal PH-like domain; Zinc finger, C3HC4 type (RING finger); FERM N-terminal domain; FERM central domain","MYLIP_MOUSE;E3_ubiquitin-protein_ligase_MYLIP","asmbl_49122"
"HVAEP1-G009156",0.81525236184203,NA,NA,NA,NA,NA,"PTHR12654:SF0","NON-LYSOSOMAL GLUCOSYLCERAMIDASE","PF04685; PF12215; PF14295","Glycosyl-hydrolase family 116, catalytic region; beta-glucosidase 2, glycosyl-hydrolase family 116 N-term; PAN domain",NA,"asmbl_74460"
"HVAEP1-G002116",0.815039922106143,"OG0001139","Npc2g, Npc2h","FBgn0039800, FBgn0039801",NA,NA,"PTHR11306:SF30","NPC INTRACELLULAR CHOLESTEROL TRANSPORTER 2","PF02221","ML domain","NPC2_DANRE;NPC_intracellular_cholesterol_transporter_2","asmbl_49683"
"HVAEP1-G008781",0.811749470757537,NA,NA,NA,NA,NA,NA,NA,"PF00090; PF01421; PF01562; PF17771","Thrombospondin type 1 domain; Reprolysin (M12B) family zinc metalloprotease; Reprolysin family propeptide; ADAM cysteine-rich domain","ATS6_HUMAN;A_disintegrin_and_metalloproteinase_with_thrombospondin_motifs_6","asmbl_70328"
"HVAEP1-G020735",0.810148493148582,NA,NA,NA,NA,NA,"PTHR10704:SF44","LD35051P","PF00685","Sulfotransferase domain","CHST1_HUMAN;Carbohydrate_sulfotransferase_1","asmbl_36596"
"HVAEP1-G021927",0.809851606468424,NA,NA,NA,NA,NA,"PTHR11733:SF216","NEPRILYSIN-1","PF05649","Peptidase family M13","ECE_LOCMI;Endothelin-converting_enzyme_homolog","asmbl_59902"
"HVAEP1-G012961",0.808799322622143,"OG0003067","NASP","ENSG00000132780","nuclear autoantigenic sperm protein",NA,"PTHR15081","NUCLEAR AUTOANTIGENIC SPERM PROTEIN  NASP -RELATED","PF13424","Tetratricopeptide repeat","HGV2_HALRO;Protein_HGV2","asmbl_45780"
"HVAEP1-G017943",0.80845575387359,NA,NA,NA,NA,NA,"PTHR11258","2-5 OLIGOADENYLATE SYNTHETASE","PF10421; PF00917","2'-5'-oligoadenylate synthetase 1, domain 2, C-terminus; MATH domain","OAS1_HUMAN;2'-5'-oligoadenylate_synthase_1","asmbl_21587"
"HVAEP1-G006339",0.805823989099828,"OG0005174","DUT","ENSG00000128951","deoxyuridine triphosphatase",NA,NA,NA,"PF00692","dUTPase","DUT_HUMAN;Deoxyuridine_5'-triphosphate_nucleotidohydrolase,_mitochondrial","asmbl_14219"
"HVAEP1-G018549",0.80543926062663,"OG0002203","fam107a","ENSXETG00000038631","somatomedin-B and thrombospondin type-1 domain-containing protein",NA,"PTHR20920","RPE-SPONDIN","PF19028","Spondin-like TSP1 domain","SBSPO_HUMAN;Somatomedin-B_and_thrombospondin_type-1_domain-containing_protein","asmbl_36486"
"HVAEP1-G014555",0.804840580157796,"OG0000695","GGH","ENSG00000137563","gamma-glutamyl hydrolase",NA,"PTHR11315","PROTEASE FAMILY C26 GAMMA-GLUTAMYL HYDROLASE","PF07722","Peptidase C26","GGHA_DICDI;Gamma-glutamyl_hydrolase_A","asmbl_4144"
"HVAEP1-G023517",0.804679547313156,"OG0000413","rin","FBgn0015778",NA,NA,"PTHR19324","PERFORIN-LIKE PROTEIN 1","PF16977","C-terminal domain of apextrin",NA,"asmbl_81932"
"HVAEP1-G022522",0.80423921856997,NA,NA,NA,NA,NA,NA,NA,NA,NA,NA,"asmbl_44980"
"HVAEP1-G007633",0.80413962391033,NA,NA,NA,NA,NA,NA,NA,"PF01549","ShK domain-like",NA,"asmbl_42011"
"HVAEP1-G017289",0.803325940193685,NA,NA,NA,NA,NA,"PTHR23334:SF5","CCAAT/ENHANCER-BINDING PROTEIN ALPHA","PF07716","Basic region leucine zipper","CEBPA_BOVIN;CCAAT/enhancer-binding_protein_alpha","asmbl_31461"
"HVAEP1-G006729",0.803214766660011,"OG0000263","LATS2, LATS1","ENSG00000150457, ENSG00000131023","large tumor suppressor kinase 2, large tumor suppressor kinase 1",NA,"PTHR24356:SF149","SERINE/THREONINE-PROTEIN KINASE LATS2","PF00069","Protein kinase domain","LATS1_MOUSE;Serine/threonine-protein_kinase_LATS1","CLYHEMG013742"
"HVAEP1-G021389",0.802144101367611,NA,NA,NA,NA,NA,NA,NA,NA,NA,NA,"asmbl_16682"
"HVAEP1-G016259",0.800558727462953,"OG0000828","Nhe3","FBgn0028703",NA,NA,"PTHR10110:SF61","SODIUM/HYDROGEN EXCHANGER 9","PF00999","Sodium/hydrogen exchanger family","SL9A9_HUMAN;Sodium/hydrogen_exchanger_9","asmbl_42172"
"HVAEP1-G016632",0.800181313153888,"OG0001687","RNASET2","ENSG00000026297","ribonuclease T2",NA,"PTHR11240:SF22","RIBONUCLEASE T2","PF00445","Ribonuclease T2 family","RNOY_CRAGI;Ribonuclease_Oy","asmbl_78299"
"HVAEP1-G019249",0.799381132407238,"OG0000241","GGT5, GGTLC3, GGT2, GGTLC1, GGT1, GGTLC2","ENSG00000099998, ENSG00000274252, ENSG00000133475, ENSG00000149435, ENSG00000100031, ENSG00000100121","gamma-glutamyltransferase 2, gamma-glutamyltransferase light chain family member 3, gamma-glutamyltransferase light chain 2, gamma-glutamyltransferase light chain 1, gamma-glutamyltransferase 1, gamma-glutamyltransferase 5",NA,"PTHR11686","GAMMA GLUTAMYL TRANSPEPTIDASE","PF01019","Gamma-glutamyltranspeptidase","GGT1_HUMAN;Glutathione_hydrolase_1_proenzyme","asmbl_12718"
"HVAEP1-G019927",0.798848964174142,NA,NA,NA,NA,NA,"PTHR47595","HEAT SHOCK 70 KDA PROTEIN 14","PF13837","Myb/SANT-like DNA-binding domain",NA,"asmbl_37210"
"HVAEP1-G024904",0.798648317113435,"OG0008083","CCDC122","ENSG00000151773","coiled-coil domain containing 122",NA,NA,NA,NA,NA,NA,"nbis-gene-138"
"HVAEP1-G003643",0.798187650378439,NA,NA,NA,NA,NA,NA,NA,NA,NA,NA,"asmbl_71164"
"HVAEP1-G003385",0.798178966037896,NA,NA,NA,NA,NA,"PTHR24026:SF36","CADHERIN EGF LAG SEVEN-PASS G-TYPE RECEPTOR 1",NA,NA,"CELR1_MOUSE;Cadherin_EGF_LAG_seven-pass_G-type_receptor_1","asmbl_49311"
"HVAEP1-G028648",0.797270395488726,NA,NA,NA,NA,NA,"PTHR37687","AGAP006772-PA","PF09056","Prokaryotic phospholipase A2","COMA_CONMA;Conodipine-M_alpha_chain","asmbl_43970"
"HVAEP1-G009413",0.795283959760753,"OG0007534","CCDC172","ENSG00000182645","coiled-coil domain containing 172",NA,"PTHR22419","COILED-COIL DOMAIN-CONTAINING PROTEIN 172",NA,NA,NA,"asmbl_56471"
"HVAEP1-G008687",0.795195588000885,"OG0000464","AQP1, MIP, AQP5, AQP2, AQP6, AQP4","ENSG00000240583, ENSG00000135517, ENSG00000161798, ENSG00000167580, ENSG00000086159, ENSG00000171885","aquaporin 4, aquaporin 1 (Colton blood group), aquaporin 6, aquaporin 5, aquaporin 2, major intrinsic protein of lens fiber",NA,"PTHR19139","AQUAPORIN TRANSPORTER","PF00230","Major intrinsic protein","AQP_CICVR;Aquaporin_AQPcic","asmbl_47709"
"HVAEP1-G023106",0.792815671250625,"OG0000456","POU4F3, POU4F1, POU4F2","ENSG00000091010, ENSG00000152192, ENSG00000151615","POU class 4 homeobox 1, POU class 4 homeobox 2, POU class 4 homeobox 3",NA,"PTHR11636:SF42","POU DOMAIN, CLASS 4, TRANSCRIPTION FACTOR 1","PF00046; PF00157","Homeodomain; Pou domain - N-terminal to homeobox domain","BRN3_CHICK;Brain-specific_homeobox/POU_domain_protein_3","CLYHEMG010127"
"HVAEP1-G022350",0.792399153636039,"OG0002234","Ppt1","FBgn0030057",NA,NA,"PTHR11247:SF8","PALMITOYL-PROTEIN THIOESTERASE 1","PF02089","Palmitoyl protein thioesterase","PPT1_HUMAN;Palmitoyl-protein_thioesterase_1","asmbl_49128"
"HVAEP1-G024505",0.792215967821374,"OG0001793","KANSL2","ENSG00000139620","KAT8 regulatory NSL complex subunit 2",NA,"PTHR13453:SF1","KAT8 REGULATORY NSL COMPLEX SUBUNIT 2","PF13891","Potential DNA-binding domain","KANL2_HUMAN;KAT8_regulatory_NSL_complex_subunit_2","asmbl_61624"
"HVAEP1-G014373",0.791186570160477,"OG0006593","HPS6","ENSG00000166189","HPS6 biogenesis of lysosomal organelles complex 2 subunit 3",NA,"PTHR14696","HERMANSKY-PUDLAK SYNDROME 6 PROTEIN",NA,NA,NA,"asmbl_22768"
"HVAEP1-G025627",0.78943066559668,"OG0004092","ZC4H2","ENSG00000126970","zinc finger C4H2-type containing",NA,NA,NA,"PF10146","Zinc finger-containing protein","ZC4H2_DANRE;Zinc_finger_C4H2_domain-containing_protein","asmbl_52779"
"HVAEP1-G016296",0.789329680905013,"OG0002372","RBPMS2, RBPMS","ENSG00000166831, ENSG00000157110","RNA binding protein, mRNA processing factor, RNA binding protein, mRNA processing factor 2",NA,"PTHR10501:SF41","PROTEIN COUCH POTATO","PF00076","RNA recognition motif. (a.k.a. RRM, RBD, or RNP domain)","CPO_DROME;Protein_couch_potato","asmbl_26815"
"HVAEP1-G004203",0.789277740246419,"OG0000124","CG7402, CG7408, CG32191, CG8646","FBgn0036768, FBgn0036765, FBgn0052191, FBgn0033763",NA,NA,"PTHR10342:SF269","RE14504P","PF00884","Sulfatase","ARSI_CANLF;Arylsulfatase_I","asmbl_89379"
"HVAEP1-G019178",0.787995149483645,"OG0000188","F21D5.4, Y48G1C.6","WBGene00009009, WBGene00021679","hypothetical protein",NA,NA,NA,"PF09607","Brinker DNA-binding domain",NA,"CLYHEMG021074"
"HVAEP1-G004983",0.78771027797511,NA,NA,NA,NA,NA,"PTHR24388:SF74","FEZ FAMILY ZINC FINGER PROTEIN 2","PF00096","Zinc finger, C2H2 type","GFI1B_XENLA;Zinc_finger_protein_Gfi-1b","asmbl_61917"
"HVAEP1-G021417",0.78749565851138,"OG0003169","ATP6V0C","ENSG00000185883","ATPase H+ transporting V0 subunit c",NA,"PTHR10263:SF5","V-TYPE PROTON ATPASE 16 KDA PROTEOLIPID SUBUNIT","PF00137","ATP synthase subunit C","VATL_MOUSE;V-type_proton_ATPase_16_kDa_proteolipid_subunit","CLYHEMG020334"
"HVAEP1-G027197",0.787116665385327,NA,NA,NA,NA,NA,NA,NA,"PF00188","Cysteine-rich secretory protein family","GAPR1_HUMAN;Golgi-associated_plant_pathogenesis-related_protein_1","asmbl_21696"
"HVAEP1-G021040",0.785208573914128,"OG0004083","MCM6","ENSG00000076003","minichromosome maintenance complex component 6",NA,"PTHR11630:SF93","DNA HELICASE","PF14551; PF18263; PF00493; PF17207; PF17855","MCM N-terminal domain; MCM6 C-terminal winged-helix domain; MCM P-loop domain; MCM OB domain; MCM AAA-lid domain","MC6ZB_XENLA;Zygotic_DNA_replication_licensing_factor_mcm6-B","asmbl_16987"
"HVAEP1-G022848",0.784883318100293,NA,NA,NA,NA,NA,"PTHR46182","FI19480P1",NA,NA,NA,"asmbl_834"
"HVAEP1-G008701",0.784324460064693,NA,NA,NA,NA,NA,NA,NA,NA,NA,NA,"asmbl_41978"
"HVAEP1-G024924",0.782466873740485,"OG0000344","H1-8","ENSG00000178804","H1.8 linker histone",NA,NA,NA,"PF00538","linker histone H1 and H5 family","H1D_STRPU;Histone_H1-delta","asmbl_51891"
"HVAEP1-G022619",0.782066166903978,NA,NA,NA,NA,NA,NA,NA,NA,NA,NA,"asmbl_44953"
"HVAEP1-G011838",0.780519968901614,NA,NA,NA,NA,NA,NA,NA,"PF08238","Sel1 repeat",NA,"asmbl_15226"
"HVAEP1-G021423",0.780299028020825,NA,NA,NA,NA,NA,NA,NA,NA,NA,NA,"asmbl_43317"
"HVAEP1-G001522",0.779181871342002,NA,NA,NA,NA,NA,"PTHR11040:SF168","ZINC TRANSPORTER ZIP3","PF02535","ZIP Zinc transporter","S39A1_DANRE;Zinc_transporter_ZIP1","asmbl_18285"
"HVAEP1-G001795",0.779174364680568,"OG0005230","RRP1B, RRP1","ENSG00000160208, ENSG00000160214","ribosomal RNA processing 1B, ribosomal RNA processing 1",NA,"PTHR13026:SF0","RIBOSOMAL RNA-PROCESSING 1","PF05997","Nucleolar protein,Nop52","RRP1_MOUSE;Ribosomal_RNA_processing_protein_1_homolog_A","asmbl_18955"
"HVAEP1-G001858",0.778992298609421,"OG0006919","CFAP126","ENSG00000188931","cilia and flagella associated protein 126",NA,"PTHR34639","PROTEIN FLATTOP",NA,NA,"FLTOP_NEMVE;Protein_Flattop_homolog","asmbl_43936"
"HVAEP1-G012482",0.7785903440184,NA,NA,NA,NA,NA,"PTHR24543","MULTICOPPER OXIDASE-RELATED","PF00754","F5/8 type C domain","DDR2_MOUSE;Discoidin_domain-containing_receptor_2","asmbl_1746"
"HVAEP1-G013059",0.777278648540899,"OG0004498","BRIX1","ENSG00000113460","biogenesis of ribosomes BRX1",NA,"PTHR13634:SF0","RIBOSOME BIOGENESIS PROTEIN BRX1 HOMOLOG","PF04427","Brix domain","BRX1_MOUSE;Ribosome_biogenesis_protein_BRX1_homolog","CLYHEMG020379"
"HVAEP1-G023501",0.776384309068293,NA,NA,NA,NA,NA,NA,NA,NA,NA,NA,"asmbl_47813"
"HVAEP1-G016277",0.776169342822002,"OG0002290","DEGS1, DEGS2","ENSG00000143753, ENSG00000168350","delta 4-desaturase, sphingolipid 2, delta 4-desaturase, sphingolipid 1",NA,"PTHR12879","SPHINGOLIPID DELTA 4 DESATURASE/C-4 HYDROXYLASE PROTEIN DES2","PF08557; PF00487","Sphingolipid Delta4-desaturase (DES); Fatty acid desaturase","DEGS1_XENTR;Sphingolipid_delta(4)-desaturase_DES1","asmbl_51481"
"HVAEP1-G010527",0.775706387539134,"OG0000069","nhr-236","WBGene00021417","Nuclear Hormone Receptor family",NA,"PTHR24083:SF87","NUCLEAR HORMONE RECEPTOR FAMILY","PF00104; PF00105","Ligand-binding domain of nuclear hormone receptor; Zinc finger, C4 type (two domains)","RXRBB_DANRE;Retinoic_acid_receptor_RXR-beta-B","asmbl_33855"
"HVAEP1-G022797",0.775190337978771,"OG0005277","DEK","ENSG00000124795","DEK proto-oncogene",NA,"PTHR13468:SF1","PROTEIN DEK","PF08766","DEK C terminal domain","DEK_MOUSE;Protein_DEK","asmbl_4072"
"HVAEP1-G003423",0.773965019438345,"OG0005714","GMNN","ENSG00000112312","geminin DNA replication inhibitor",NA,NA,NA,"PF07412","Geminin","GEMI_MOUSE;Geminin","asmbl_48423"
"HVAEP1-G019743",0.772060482929974,NA,NA,NA,NA,NA,NA,NA,NA,NA,NA,"asmbl_55725"
"HVAEP1-G026859",0.770900547614567,"OG0001413","GNL3L, GNL3","ENSG00000130119, ENSG00000163938","G protein nucleolar 3 like, G protein nucleolar 3",NA,"PTHR11089:SF30","GUANINE NUCLEOTIDE-BINDING PROTEIN-LIKE 3 HOMOLOG","PF08701; PF01926","GNL3L/Grn1 putative GTPase; 50S ribosome-binding GTPase","NSN1_ARATH;Guanine_nucleotide-binding_protein-like_NSN1","asmbl_21777"
"HVAEP1-G022588",0.770443662899827,NA,NA,NA,NA,NA,"PTHR12137:SF62","CARBOHYDRATE SULFOTRANSFERASE","PF03567","Sulfotransferase family","CHSTB_MOUSE;Carbohydrate_sulfotransferase_11","asmbl_33893"
"HVAEP1-G027422",0.769285816486984,"OG0000666","GABARAPL2","ENSG00000034713","GABA type A receptor associated protein like 2",NA,"PTHR10969:SF77","AUTOPHAGY-RELATED PROTEIN","PF02991","Autophagy protein Atg8 ubiquitin like","GBRL2_BOVIN;Gamma-aminobutyric_acid_receptor-associated_protein-like_2","asmbl_21709"
"HVAEP1-G023959",0.76919617836288,"OG0005619","HMMR","ENSG00000072571","hyaluronan mediated motility receptor",NA,"PTHR18956","HYALURONAN MEDIATED MOTILITY RECEPTOR","PF15908; PF15905","Hyaluronan mediated motility receptor C-terminal; Hyaluronan mediated motility receptor N-terminal","HMMR_MOUSE;Hyaluronan_mediated_motility_receptor","asmbl_4017"
"HVAEP1-G018215",0.76801975072266,NA,NA,NA,NA,NA,NA,NA,NA,NA,NA,"asmbl_21611"
"HVAEP1-G003313",0.767732557035828,"OG0001104","KIF23","ENSG00000137807","kinesin family member 23",NA,"PTHR24115:SF600","KINESIN-LIKE PROTEIN KIF23","PF16540; PF00225","Arf6-interacting domain of mitotic kinesin-like protein 1; Kinesin motor domain","KIF23_HUMAN;Kinesin-like_protein_KIF23","asmbl_49331"
"HVAEP1-G004201",0.766933042723335,NA,NA,NA,NA,NA,"PTHR30383:SF5","PUTATIVE (AFU_ORTHOLOGUE AFUA_1G03170)-RELATED","PF13472","GDSL-like Lipase/Acylhydrolase family",NA,"asmbl_89366"
"HVAEP1-G000603",0.766619498924055,"OG0000933","U2AF1, U2AF1L5, U2AF1L4","ENSG00000160201, ENSG00000275895, ENSG00000161265","U2 small nuclear RNA auxiliary factor 1 like 5, U2 small nuclear RNA auxiliary factor 1, U2 small nuclear RNA auxiliary factor 1 like 4",NA,"PTHR12620:SF3","SPLICING FACTOR U2AF 26 KDA SUBUNIT","PF00076; PF00642","RNA recognition motif. (a.k.a. RRM, RBD, or RNP domain); Zinc finger C-x8-C-x5-C-x3-H type (and similar)","U2AF1_BOVIN;Splicing_factor_U2AF_35_kDa_subunit","asmbl_65168"
"HVAEP1-G001217",0.765865658837462,NA,NA,NA,NA,NA,"PTHR11232:SF35","LOW DENSITY LIPOPROTEIN RECEPTOR ADAPTER PROTEIN 1","PF14719","Phosphotyrosine interaction domain (PTB/PID)","ARHA_XENLA;Low_density_lipoprotein_receptor_adapter_protein_1-A","asmbl_73526"
"HVAEP1-G021655",0.763791357792008,NA,NA,NA,NA,NA,NA,NA,NA,NA,NA,"asmbl_63569"
"HVAEP1-G009126",0.761637612384047,NA,NA,NA,NA,NA,NA,NA,NA,NA,NA,"asmbl_61890"
"HVAEP1-G016379",0.761565506657099,"OG0000064","SYT14, SYT16","ENSG00000143469, ENSG00000139973","synaptotagmin 16, synaptotagmin 14",NA,NA,NA,"PF00168","C2 domain","SYT14_HUMAN;Synaptotagmin-14","asmbl_50222"
"HVAEP1-G012059",0.761146635488609,"OG0001345","CDC6","ENSG00000094804","cell division cycle 6",NA,"PTHR10763:SF26","CELL DIVISION CONTROL PROTEIN 6 HOMOLOG","PF13401; PF17872; PF09079","AAA domain; AAA lid domain; CDC6, C terminal winged helix domain","CDC6_HUMAN;Cell_division_control_protein_6_homolog","asmbl_84605"
"HVAEP1-G016575",0.757953940066868,"OG0004926","MAGOH, MAGOHB","ENSG00000162385, ENSG00000111196","mago homolog B, exon junction complex subunit, mago homolog, exon junction complex subunit",NA,"PTHR12638:SF1","PROTEIN MAGO NASHI HOMOLOG 2","PF02792","Mago nashi protein","MGN2_BOVIN;Protein_mago_nashi_homolog_2","CLYHEMG001387"
"HVAEP1-G016866",0.75684763590089,NA,NA,NA,NA,NA,NA,NA,NA,NA,NA,"CLYHEMG012290"
"HVAEP1-G017685",0.756813799554784,"OG0004827","PES1","ENSG00000100029","pescadillo ribosomal biogenesis factor 1",NA,"PTHR12221","PESCADILLO - RELATED","PF06732; PF16589","Pescadillo N-terminus; BRCT domain, a BRCA1 C-terminus domain","PESC_NEMVE;Pescadillo_homolog","asmbl_12710"
"HVAEP1-G022249",0.75660695690998,NA,NA,NA,NA,NA,"PTHR11920:SF488","GUANYLATE CYCLASE","PF00211; PF07714; PF01094","Adenylate and Guanylate cyclase catalytic domain; Protein tyrosine and serine/threonine kinase; Receptor family ligand binding region","ANPRA_HUMAN;Atrial_natriuretic_peptide_receptor_1","asmbl_39772"
"HVAEP1-G021821",0.756583772695579,NA,NA,NA,NA,NA,NA,NA,NA,NA,NA,"asmbl_50773"
"HVAEP1-G013441",0.756022042632442,"OG0000845","CPEB1, CPEB1","ENSG00000277445, ENSG00000214575","cytoplasmic polyadenylation element binding protein 1",NA,"PTHR12566:SF9","CYTOPLASMIC POLYADENYLATION ELEMENT-BINDING PROTEIN 1","PF16366; PF16367","Cytoplasmic polyadenylation element-binding protein ZZ domain; RNA recognition motif","CPE1B_XENLA;Cytoplasmic_polyadenylation_element-binding_protein_1-B","asmbl_46139"
"HVAEP1-G018647",0.753762790461211,NA,NA,NA,NA,NA,NA,NA,NA,NA,NA,"asmbl_89628"
"HVAEP1-G027396",0.753455651517931,NA,NA,NA,NA,NA,"PTHR10869:SF103","TRANSMEMBRANE PROLYL 4-HYDROXYLASE","PF13640","2OG-Fe(II) oxygenase superfamily","P4HTM_MOUSE;Transmembrane_prolyl_4-hydroxylase","asmbl_90148"
"HVAEP1-G022159",0.753281216743317,NA,NA,NA,NA,NA,NA,NA,"PF03489; PF02199; PF05184","Saposin-like type B, region 2; Saposin A-type domain; Saposin-like type B, region 1","SAP_CHICK;Prosaposin","asmbl_72762"
"HVAEP1-G009026",0.75231082520576,"OG0000858","DIDO1, PHF3","ENSG00000101191, ENSG00000118482","death inducer-obliterator 1, PHD finger protein 3",NA,"PTHR11477:SF13","DEATH-INDUCER OBLITERATOR 1","PF07744; PF07533; PF07500; PF00628","SPOC domain; BRK domain; Transcription factor S-II (TFIIS), central domain; PHD-finger","PHF3_HUMAN;PHD_finger_protein_3","asmbl_3345"
"HVAEP1-G012153",0.7516347080468,"OG0005618","CEP128","ENSG00000100629","centrosomal protein 128",NA,NA,NA,NA,NA,NA,"asmbl_26542"
"HVAEP1-G022822",0.751133901963234,"OG0003511","PWP2","ENSG00000241945","PWP2 small subunit processome component",NA,"PTHR19858","WD40 REPEAT PROTEIN","PF04003; PF00400","Dip2/Utp12 Family; WD domain, G-beta repeat","PWP2_HUMAN;Periodic_tryptophan_protein_2_homolog","asmbl_9461"
"HVAEP1-G023724",0.749461085215616,NA,NA,NA,NA,NA,NA,NA,NA,NA,NA,"asmbl_6390"
"HVAEP1-G005191",0.748287775210803,NA,NA,NA,NA,NA,"PTHR47965:SF12","ASPARTIC PROTEINASE YAPSIN-7","PF00026","Eukaryotic aspartyl protease","BACE2_MOUSE;Beta-secretase_2","asmbl_22238"
"HVAEP1-G025129",0.748119765291167,"OG0002300","WDR77","ENSG00000116455","WD repeat domain 77",NA,"PTHR46853","METHYLOSOME PROTEIN 50","PF00400","WD domain, G-beta repeat","MEP50_MOUSE;Methylosome_protein_50","asmbl_40957"
"HVAEP1-G008237",0.746964501847454,"OG0000431","Mco4, Mco3, Mco1, stw","FBgn0052557, FBgn0039387, FBgn0032116, FBgn0286203",NA,NA,"PTHR11709:SF416","COAGULATION FACTOR V","PF07732","Multicopper oxidase","LAC1_BOTFU;Laccase-1","asmbl_42037"
"HVAEP1-G018149",0.745639894102163,NA,NA,NA,NA,NA,"PTHR45615:SF36","MYOSIN HEAVY CHAIN-LIKE, ISOFORM B","PF00595; PF00063","PDZ domain; Myosin head (motor domain)","MY18A_HUMAN;Unconventional_myosin-XVIIIa","asmbl_2878"
"HVAEP1-G009932",0.745076612247658,NA,NA,NA,NA,NA,"PTHR43829","AQUAPORIN OR AQUAGLYCEROPORIN RELATED","PF00230","Major intrinsic protein","AQP9_HUMAN;Aquaporin-9","asmbl_51079"
"HVAEP1-G003768",0.744991209608705,"OG0002409","DDX39B, DDX39B, DDX39B, DDX39B, DDX39B, DDX39B, DDX39B, DDX39B, DDX39A","ENSG00000237889, ENSG00000235439, ENSG00000229496, ENSG00000230624, ENSG00000225859, ENSG00000225073, ENSG00000215425, ENSG00000198563, ENSG00000123136","DExD-box helicase 39B, DExD-box helicase 39A",NA,"PTHR47958:SF10","ATP-DEPENDENT RNA HELICASE DDX39A","PF00270; PF00271","DEAD/DEAH box helicase; Helicase conserved C-terminal domain","DX39B_CANLF;Spliceosome_RNA_helicase_DDX39B","asmbl_63788"
"HVAEP1-G021588",0.74442300074495,"OG0000073","ATOH8","ENSG00000168874","atonal bHLH transcription factor 8",NA,"PTHR19290:SF102","PROTEIN ATONAL HOMOLOG 8","PF00010","Helix-loop-helix DNA-binding domain","ATOH8_DANRE;Protein_atonal_homolog_8","asmbl_67181"
"HVAEP1-G011564",0.743611319111237,NA,NA,NA,NA,NA,NA,NA,NA,NA,NA,"asmbl_65683"
"HVAEP1-G022973",0.742648682445564,NA,NA,NA,NA,NA,"PTHR17357","GM2 GANGLIOSIDE ACTIVATOR PROTEIN","PF02221","ML domain","SAP3_MACFA;Ganglioside_GM2_activator","CLYHEMG014129"
"HVAEP1-G018201",0.742325583279018,"OG0000012","NKX1-1, NKX1-2","ENSG00000235608, ENSG00000229544","NK1 homeobox 1, NK1 homeobox 2",NA,"PTHR24340:SF37","HOMEOBOX PROTEIN SLOU-RELATED","PF00046","Homeodomain","EMS_APIME;Homeobox_protein_H40_(Fragment)","asmbl_66028"
"HVAEP1-G024914",0.741661583042786,"OG0002970","MYBBP1A","ENSG00000132382","MYB binding protein 1a",NA,"PTHR13213","MYB-BINDING PROTEIN 1A FAMILY MEMBER","PF04931","DNA polymerase phi","MBB1A_DANRE;Myb-binding_protein_1A-like_protein","asmbl_39591"
"HVAEP1-G013030",0.741205313658267,"OG0000241","GGT5, GGTLC3, GGT2, GGTLC1, GGT1, GGTLC2","ENSG00000099998, ENSG00000274252, ENSG00000133475, ENSG00000149435, ENSG00000100031, ENSG00000100121","gamma-glutamyltransferase 2, gamma-glutamyltransferase light chain family member 3, gamma-glutamyltransferase light chain 2, gamma-glutamyltransferase light chain 1, gamma-glutamyltransferase 1, gamma-glutamyltransferase 5",NA,"PTHR11686","GAMMA GLUTAMYL TRANSPEPTIDASE","PF01019","Gamma-glutamyltranspeptidase","GGT1_HUMAN;Glutathione_hydrolase_1_proenzyme","asmbl_18052"
"HVAEP1-G019643",0.737827859692002,NA,NA,NA,NA,"MK376923.1; innexin 8 (INX8)","PTHR11893","INNEXIN","PF00876","Innexin",NA,"asmbl_44552"
"HVAEP1-G001365",0.736595408317043,"OG0000081","SIK3","ENSG00000160584","SIK family kinase 3",NA,"PTHR24346:SF42","SERINE/THREONINE-PROTEIN KINASE SIK3","PF02149; PF00069","Kinase associated domain 1; Protein kinase domain","SIK3_MOUSE;Serine/threonine-protein_kinase_SIK3","asmbl_23907"
"HVAEP1-G003887",0.73610071680396,"OG0000659","ATR","ENSG00000175054","ATR serine/threonine kinase",NA,"PTHR11139:SF69","SERINE/THREONINE-PROTEIN KINASE ATR","PF08064; PF00454; PF02259; PF02260","UME (NUC010) domain; Phosphatidylinositol 3- and 4-kinase; FAT domain; FATC domain","ATR_XENLA;Serine/threonine-protein_kinase_atr","asmbl_23730"
"HVAEP1-G006024",0.736041244387961,"OG0009328","NDP","ENSG00000124479","norrin cystine knot growth factor NDP",NA,NA,NA,NA,NA,"MUC19_HUMAN;Mucin-19","CLYHEMG013408"
"HVAEP1-G003997",0.734979679975525,NA,NA,NA,NA,NA,"PTHR10827:SF52","IP16409P","PF13833; PF13202","EF-hand domain pair; EF hand","CALUB_DANRE;Calumenin-B","asmbl_65376"
"HVAEP1-G007063",0.734749508071296,"OG0000147","SLC17A2","ENSG00000112337","solute carrier family 17 member 2",NA,"PTHR11662:SF433","SLC (SOLUTE CARRIER) HOMOLOG","PF07690","Major Facilitator Superfamily","VGLU2_RAT;Vesicular_glutamate_transporter_2","asmbl_30340"
"HVAEP1-G001749",0.734479040907279,NA,NA,NA,NA,NA,NA,NA,"PF00076","RNA recognition motif. (a.k.a. RRM, RBD, or RNP domain)","ROA1_DROME;Heterogeneous_nuclear_ribonucleoprotein_A1","asmbl_41255"
"HVAEP1-G001375",0.734423419740417,NA,NA,NA,NA,NA,"PTHR10514","ANGIOTENSIN-CONVERTING ENZYME","PF01401","Angiotensin-converting enzyme","ACE_RAT;Angiotensin-converting_enzyme","asmbl_23868"
"HVAEP1-G001502",0.734381940469987,NA,NA,NA,NA,NA,NA,NA,NA,NA,NA,"asmbl_43738"
"HVAEP1-G014781",0.734310461503796,NA,NA,NA,NA,NA,"PTHR10980:SF8","RHO GDP-DISSOCIATION INHIBITOR 3","PF02115","RHO protein GDP dissociation inhibitor","GDIR1_HUMAN;Rho_GDP-dissociation_inhibitor_1","asmbl_32724"
"HVAEP1-G010629",0.734030538149806,"OG0000849","SSB","ENSG00000138385","small RNA binding exonuclease protection factor La",NA,"PTHR22792:SF140","LUPUS LA PROTEIN HOMOLOG","PF08777; PF05383","RNA binding motif; La domain","LA_RAT;Lupus_La_protein_homolog","asmbl_57200"
"HVAEP1-G023536",0.731469461940043,NA,NA,NA,NA,"AF539862.1; nematocyst outer wall antigen precursor (NOWA)",NA,NA,"PF00188; PF00059; PF01390","Cysteine-rich secretory protein family; Lectin C-type domain; SEA domain","SLB_PROJR;Snaclec_jerdonibitin_subunit_beta","asmbl_86719"
"HVAEP1-G028736",0.729605752514007,"OG0001100","AHCY","ENSG00000101444","adenosylhomocysteinase",NA,"PTHR23420:SF20","ADENOSYLHOMOCYSTEINASE","PF00670; PF05221","S-adenosyl-L-homocysteine hydrolase, NAD binding domain; S-adenosyl-L-homocysteine hydrolase","SAHH_BOVIN;Adenosylhomocysteinase","asmbl_65468"
"HVAEP1-G020896",0.729593342343668,NA,NA,NA,NA,NA,NA,NA,NA,NA,NA,"CLYHEMG022937"
"HVAEP1-G027410",0.729489394502508,"OG0001390","AGXT2","ENSG00000113492","alanine--glyoxylate aminotransferase 2",NA,"PTHR45688:SF3","ALANINE--GLYOXYLATE AMINOTRANSFERASE 2, MITOCHONDRIAL","PF00202","Aminotransferase class-III","AGT2_MOUSE;Alanine--glyoxylate_aminotransferase_2,_mitochondrial","asmbl_65776"
"HVAEP1-G009410",0.729469632263679,"OG0000233","CG18585, CG7025, CG14820, CG12374, CG2915, CG4408, CG17633, CG4017","FBgn0031929, FBgn0031930, FBgn0035718, FBgn0033774, FBgn0033241, FBgn0039073, FBgn0032144, FBgn0032143",NA,NA,NA,NA,"PF02244; PF00246","Carboxypeptidase activation peptide; Zinc carboxypeptidase","CBPA4_HUMAN;Carboxypeptidase_A4","asmbl_14207"
"HVAEP1-G016269",0.729192782551338,NA,NA,NA,NA,NA,"PTHR31247:SF5","RE70461P","PF13886","Domain of unknown function (DUF4203)",NA,"asmbl_85358"
"HVAEP1-G003452",0.728406836422921,"OG0000299","pde-5","WBGene00016328","Probable 3',5'-cyclic phosphodiesterase pde-5",NA,"PTHR11347:SF111","CAMP AND CAMP-INHIBITED CGMP 3',5'-CYCLIC PHOSPHODIESTERASE 10A","PF01590; PF00233","GAF domain; 3'5'-cyclic nucleotide phosphodiesterase","PDE5_CAEEL;Probable_3',5'-cyclic_phosphodiesterase_pde-5","asmbl_65360"
"HVAEP1-G021465",0.728348675973283,"OG0003260","rnr-1","WBGene00004391","Ribonucleoside-diphosphate reductase large subunit",NA,"PTHR11573:SF24","RIBONUCLEOSIDE-DIPHOSPHATE REDUCTASE","PF00317; PF03477; PF02867","Ribonucleotide reductase, all-alpha domain; ATP cone domain; Ribonucleotide reductase, barrel domain","RIR1_HUMAN;Ribonucleoside-diphosphate_reductase_large_subunit","asmbl_3858"
"HVAEP1-G023273",0.727206324087208,"OG0000685","PPM1G","ENSG00000115241","protein phosphatase, Mg2+/Mn2+ dependent 1G",NA,"PTHR13832:SF672","PROTEIN PHOSPHATASE 2C 60 ISOFORM X1-RELATED","PF00481","Protein phosphatase 2C","PPM1G_RAT;Protein_phosphatase_1G","asmbl_76192"
"HVAEP1-G015830",0.726935957518558,NA,NA,NA,NA,NA,NA,NA,NA,NA,NA,"asmbl_48612"
"HVAEP1-G011719",0.725452694422247,NA,NA,NA,NA,NA,"PTHR23147:SF5","SERINE/ARGININE-RICH SPLICING FACTOR 10","PF00076","RNA recognition motif. (a.k.a. RRM, RBD, or RNP domain)","SRS12_HUMAN;Serine/arginine-rich_splicing_factor_12","asmbl_29414"
"HVAEP1-G021931",0.725264991221341,NA,NA,NA,NA,NA,NA,NA,"PF00431; PF00084; PF00057","CUB domain; Sushi repeat (SCR repeat); Low-density lipoprotein receptor domain class A","TLD_DROME;Dorsal-ventral_patterning_protein_tolloid","asmbl_41383"
"HVAEP1-G022397",0.724545606560671,"OG0000021","Ptprv","ENSMUSG00000097993","protein tyrosine phosphatase, receptor type, V",NA,"PTHR19134:SF483","PROTEIN TYROSINE PHOSPHATASE 4E, ISOFORM A-RELATED","PF00102; PF18861","Protein-tyrosine phosphatase; Transmembrane domain of protein tyrosine phosphatase, receptor type J","PTPRB_MOUSE;Receptor-type_tyrosine-protein_phosphatase_beta","asmbl_35995"
"HVAEP1-G011164",0.723607437386087,NA,NA,NA,NA,NA,"PTHR22811:SF60","TRANSMEMBRANE EMP24 DOMAIN-CONTAINING PROTEIN 3","PF01105","emp24/gp25L/p24 family/GOLD","TMED7_HUMAN;Transmembrane_emp24_domain-containing_protein_7","asmbl_15292"
"HVAEP1-G012705",0.723445907882913,NA,NA,NA,NA,NA,"PTHR24034:SF110","CYSTEINE-RICH WITH EGF-LIKE DOMAIN PROTEIN 2","PF07645","Calcium-binding EGF domain","CRE2A_XENLA;Cysteine-rich_with_EGF-like_domain_protein_2-A","asmbl_88318"
"HVAEP1-G016386",0.723029483160047,NA,NA,NA,NA,NA,"PTHR24406:SF12","ZINC FINGER PROTEIN",NA,NA,"ZFY2_MOUSE;Zinc_finger_Y-chromosomal_protein_2","asmbl_52258"
"HVAEP1-G018420",0.722630142124636,"OG0005675","SNRPD3","ENSG00000100028","small nuclear ribonucleoprotein D3 polypeptide",NA,"PTHR23338:SF17","SMALL NUCLEAR RIBONUCLEOPROTEIN SM D3","PF01423","LSM domain","SMD3_DROME;Small_nuclear_ribonucleoprotein_Sm_D3","CLYHEMG004106"
"HVAEP1-G010426",0.721652192704482,NA,NA,NA,NA,NA,NA,NA,"PF01826; PF00094; PF08742","Trypsin Inhibitor like cysteine rich domain; von Willebrand factor type D domain; C8 domain","MUC5B_CHICK;Mucin-5B","asmbl_33333"
"HVAEP1-G004308",0.721537791095017,NA,NA,NA,NA,NA,NA,NA,NA,NA,NA,"asmbl_30522"
"HVAEP1-G020871",0.721369677873012,"OG0000700","MYL3, MYL4, MYL1, MYL6, MYL6B","ENSG00000160808, ENSG00000198336, ENSG00000168530, ENSG00000092841, ENSG00000196465","myosin light chain 6, myosin light chain 3, myosin light chain 6B, myosin light chain 4, myosin light chain 1",NA,NA,NA,"PF13499","EF-hand domain pair","MLC2_DROME;Myosin-2_essential_light_chain","asmbl_68351"
"HVAEP1-G014269",0.721298443661352,"OG0004143","UTP6","ENSG00000108651","UTP6 small subunit processome component",NA,"PTHR23271","HEPATOCELLULAR CARCINOMA-ASSOCIATED ANTIGEN 66","PF08640","U3 small nucleolar RNA-associated protein 6","UTP6_HUMAN;U3_small_nucleolar_RNA-associated_protein_6_homolog","asmbl_24051"
"HVAEP1-G028189",0.720765214097436,"OG0002469","PNP","ENSG00000198805","purine nucleoside phosphorylase",NA,"PTHR11904","METHYLTHIOADENOSINE/PURINE NUCLEOSIDE PHOSPHORYLASE","PF01048","Phosphorylase superfamily","PNPH_BOVIN;Purine_nucleoside_phosphorylase","asmbl_82999"
"HVAEP1-G010750",0.720763614399233,NA,NA,NA,NA,NA,NA,NA,"PF00059","Lectin C-type domain","MRC2_RAT;C-type_mannose_receptor_2","asmbl_53612"
"HVAEP1-G011864",0.72049353656947,"OG0000403","VILL, AVIL, VIL1, CAPG, SCIN, GSN","ENSG00000136059, ENSG00000135407, ENSG00000127831, ENSG00000042493, ENSG00000006747, ENSG00000148180","scinderin, gelsolin, advillin, capping actin protein, gelsolin like, villin like, villin 1",NA,"PTHR11977:SF33","ADVILLIN","PF02209; PF00626","Villin headpiece domain; Gelsolin repeat","AVIL_RAT;Advillin","asmbl_90259"
"HVAEP1-G009279",0.720457655152947,NA,NA,NA,NA,NA,"PTHR19923:SF0","PLEIOTROPIC REGULATOR 1","PF00400","WD domain, G-beta repeat","PRP46_ASHGO;Pre-mRNA-splicing_factor_PRP46","asmbl_42237"
"HVAEP1-G006340",0.720150517961429,"OG0002402","NAXD","ENSG00000213995","NAD(P)HX dehydratase",NA,"PTHR12592","ATP-DEPENDENT (S)-NAD(P)H-HYDRATE DEHYDRATASE FAMILY MEMBER","PF01256","Carbohydrate kinase","NNRD_HUMAN;ATP-dependent_(S)-NAD(P)H-hydrate_dehydratase","asmbl_84915"
"HVAEP1-G023650",0.720090587980989,"OG0000312","HMGB1, HMGB3, HMGB2","ENSG00000189403, ENSG00000029993, ENSG00000164104","high mobility group box 1, high mobility group box 3, high mobility group box 2","JQ994217.1; transcription factor HMG-B3b",NA,NA,"PF00505; PF09011","HMG (high mobility group) box; HMG-box domain","HMGB3_CHICK;High_mobility_group_protein_B3","asmbl_37647"
"HVAEP1-G012926",0.719489763195746,"OG0000533","P4HTM","ENSG00000178467","prolyl 4-hydroxylase, transmembrane",NA,"PTHR10869:SF103","TRANSMEMBRANE PROLYL 4-HYDROXYLASE",NA,NA,"P4HTM_MOUSE;Transmembrane_prolyl_4-hydroxylase","asmbl_71365"
"HVAEP1-G019426",0.717171954402649,NA,NA,NA,NA,"EU787490.1; minicollagen-15",NA,NA,NA,NA,NA,"asmbl_78465"
"HVAEP1-G020126",0.716592647410219,NA,NA,NA,NA,NA,"PTHR22744:SF1","BTB (BROAD/COMPLEX/TRAMTRACK/BRIC A BRAC) DOMAIN PROTEIN","PF00651","BTB/POZ domain","BAT38_CAEEL;BTB_and_MATH_domain-containing_protein_38","asmbl_67844"
"HVAEP1-G001581",0.716240958153219,NA,NA,NA,NA,NA,NA,NA,NA,NA,NA,"asmbl_28057"
"HVAEP1-G010017",0.714600390226161,"OG0000540","RFX6","ENSG00000185002","regulatory factor X6",NA,"PTHR12619:SF28","DNA-BINDING PROTEIN RFX6","PF02257","RFX DNA-binding domain","RFX6_DANRE;DNA-binding_protein_RFX6","asmbl_72518"
"HVAEP1-G022455",0.714151741609639,"OG0001123","CREB3L1, CREB3L2","ENSG00000157613, ENSG00000182158","cAMP responsive element binding protein 3 like 2, cAMP responsive element binding protein 3 like 1",NA,NA,NA,"PF00170","bZIP transcription factor","CR3L2_HUMAN;Cyclic_AMP-responsive_element-binding_protein_3-like_protein_2","asmbl_49137"
"HVAEP1-G015248",0.713886835985103,"OG0000494","P4HB, PDIA2, ERP27, PDILT","ENSG00000185624, ENSG00000185615, ENSG00000139055, ENSG00000169340","protein disulfide isomerase family A member 2, endoplasmic reticulum protein 27, protein disulfide isomerase like, testis expressed, prolyl 4-hydroxylase subunit beta",NA,"PTHR18929:SF101","PROTEIN DISULFIDE-ISOMERASE","PF00085; PF13848","Thioredoxin; Thioredoxin-like domain","PDI2_CAEEL;Protein_disulfide-isomerase_2","asmbl_85174"
"HVAEP1-G016278",0.711628272577094,"OG0001264","fat-3, fat-4","WBGene00001395, WBGene00001396","Delta(6)-fatty-acid desaturase fat-3, Delta(5) fatty acid desaturase fat-4",NA,"PTHR19353","FATTY ACID DESATURASE 2","PF00487; PF00173","Fatty acid desaturase; Cytochrome b5-like Heme/Steroid binding domain","SLD2_ARATH;Delta(8)-fatty-acid_desaturase_2","asmbl_51471"
"HVAEP1-G025452",0.711365216603618,"OG0005942","MRPL20","ENSG00000242485","mitochondrial ribosomal protein L20",NA,"PTHR10986:SF23","LP04985P","PF00453","Ribosomal protein L20","RM20_XENLA;39S_ribosomal_protein_L20,_mitochondrial","asmbl_45667"
"HVAEP1-G012704",0.71078144177892,"OG0000600","HSP90B1","ENSG00000166598","heat shock protein 90 beta family member 1",NA,"PTHR11528:SF96","ENDOPLASMIN","PF00183; PF02518","Hsp90 protein; Histidine kinase-, DNA gyrase B-, and HSP90-like ATPase","ENPL_CHICK;Endoplasmin","asmbl_88321"
"HVAEP1-G020976",0.710622216923844,NA,NA,NA,NA,NA,"PTHR12411:SF575","ZGC:110239","PF08246; PF00112","Cathepsin propeptide inhibitor domain (I29); Papain family cysteine protease","CATL_SARPE;Cathepsin_L","asmbl_54278"
"HVAEP1-G021413",0.708875621689337,NA,NA,NA,NA,NA,"PTHR11532:SF73","CARBOXYPEPTIDASE D","PF00246; PF13620","Zinc carboxypeptidase; Carboxypeptidase regulatory-like domain","CBPD_LOPSP;Carboxypeptidase_D_(Fragment)","asmbl_67198"
"HVAEP1-G021988",0.708644573941255,NA,NA,NA,NA,NA,NA,NA,NA,NA,NA,"asmbl_73970"
"HVAEP1-G022234",0.708426305466483,"OG0001392","ASAH1","ENSG00000104763","N-acylsphingosine amidohydrolase 1",NA,"PTHR28583:SF1","ACID CERAMIDASE","PF15508; PF02275","beta subunit of N-acylethanolamine-hydrolyzing acid amidase; Linear amide C-N hydrolases, choloylglycine hydrolase family","ASAH1_HUMAN;Acid_ceramidase","asmbl_73729"
"HVAEP1-G014213",0.708155974813242,"OG0005608","POLD2","ENSG00000106628","DNA polymerase delta 2, accessory subunit",NA,"PTHR10416","DNA POLYMERASE DELTA SUBUNIT 2","PF18018; PF04042","DNA polymerase delta subunit OB-fold domain; DNA polymerase alpha/epsilon subunit B","DPOD2_XENLA;DNA_polymerase_delta_subunit_2","asmbl_11753"
"HVAEP1-G023100",0.70814621679771,NA,NA,NA,NA,NA,NA,NA,NA,NA,NA,"asmbl_36072"
"HVAEP1-G014065",0.707327802802391,"OG0004109","GNPTG","ENSG00000090581","N-acetylglucosamine-1-phosphate transferase subunit gamma",NA,NA,NA,"PF00010","Helix-loop-helix DNA-binding domain",NA,"asmbl_22904"
"HVAEP1-G008303",0.706411489392263,NA,NA,NA,NA,NA,NA,NA,NA,NA,NA,"asmbl_82236"
"HVAEP1-G023873",0.706254562480852,"OG0004254","CSE1L","ENSG00000124207","chromosome segregation 1 like",NA,"PTHR10997:SF8","EXPORTIN-2","PF03378; PF08506; PF03810","CAS/CSE protein, C-terminus; Cse1; Importin-beta N-terminal domain","XPO2_ORENI;Exportin-2","asmbl_41397"
"HVAEP1-G018144",0.704674998096036,"OG0006454","CNTD1","ENSG00000176563","cyclin N-terminal domain containing 1",NA,"PTHR21615","UNCHARACTERIZED","PF00134","Cyclin, N-terminal domain","CNTD1_MOUSE;Cyclin_N-terminal_domain-containing_protein_1","asmbl_28252"
"HVAEP1-G009882",0.704132086751402,NA,NA,NA,NA,NA,"PTHR10270:SF305","SOX21A, ISOFORM B-RELATED","PF00505","HMG (high mobility group) box","SX21B_DANRE;Transcription_factor_Sox-21-B","asmbl_58322"
"HVAEP1-G001809",0.704100677232646,"OG0000183","CCNB3","ENSG00000147082","cyclin B3",NA,"PTHR10177:SF214","G2/MITOTIC-SPECIFIC CYCLIN-B3","PF00134; PF02984","Cyclin, N-terminal domain; Cyclin, C-terminal domain","CCNB3_CHICK;G2/mitotic-specific_cyclin-B3","asmbl_606"
"HVAEP1-G018353",0.703334181198264,"OG0001025","FTSJ3","ENSG00000108592","FtsJ RNA 2'-O-methyltransferase 3",NA,"PTHR10920:SF13","PRE-RRNA 2'-O-RIBOSE RNA METHYLTRANSFERASE FTSJ3","PF01728; PF07780; PF11861","FtsJ-like methyltransferase; Spb1 C-terminal domain; Domain of unknown function (DUF3381)","SPB1_RAT;pre-rRNA_2'-O-ribose_RNA_methyltransferase_FTSJ3","asmbl_8605"
"HVAEP1-G012274",0.702690002710394,"OG0001135","SLC5A7","ENSG00000115665","solute carrier family 5 member 7",NA,"PTHR45897","HIGH-AFFINITY CHOLINE TRANSPORTER 1","PF00474","Sodium:solute symporter family","SC5A7_DROME;High-affinity_choline_transporter_1","asmbl_85003"
"HVAEP1-G022233",0.702663080292735,"OG0005774","RRP8","ENSG00000132275","ribosomal RNA processing 8",NA,"PTHR12787","UNCHARACTERIZED","PF05148","Hypothetical methyltransferase","RRP8_HUMAN;Ribosomal_RNA-processing_protein_8","asmbl_27383"
"HVAEP1-G006973",0.702401870077541,NA,NA,NA,NA,"JQ994231.1; transcription factor HvSoxE2",NA,NA,"PF00505","HMG (high mobility group) box","SOX8_HUMAN;Transcription_factor_SOX-8","asmbl_62478"
"HVAEP1-G011188",0.70204977661705,NA,NA,NA,NA,NA,"PTHR24416:SF539","EPH RECEPTOR TYROSINE KINASE, ISOFORM C","PF07714","Protein tyrosine and serine/threonine kinase","EPHA8_RAT;Ephrin_type-A_receptor_8_(Fragment)","asmbl_29049"
"HVAEP1-G004045",0.70130054797593,NA,NA,NA,NA,NA,NA,NA,NA,NA,NA,"asmbl_89393"
"HVAEP1-G022027",0.70055407586969,"OG0000233","CG43235, CG8945, CG3097, CG42264, CG3108, CG8539, CG8562, CG18417, CG8560, CG32379, CG8563, CG8564","FBgn0262880, FBgn0030815, FBgn0029804, FBgn0259149, FBgn0029807, FBgn0035791, FBgn0035779, FBgn0035780, FBgn0035781, FBgn0052379, FBgn0035777, FBgn0035776",NA,NA,"PTHR11705:SF135","FI01817P-RELATED","PF00246","Zinc carboxypeptidase","CBPO_DANRE;Carboxypeptidase_O","asmbl_11625"
"HVAEP1-G005979",0.700548195034034,"OG0000562","ARID1A, ARID1B","ENSG00000117713, ENSG00000049618","AT-rich interaction domain 1A, AT-rich interaction domain 1B",NA,"PTHR12656:SF5","TRITHORAX GROUP PROTEIN OSA","PF01388; PF12031","ARID/BRIGHT DNA binding domain; SWI/SNF-like complex subunit BAF250/Osa","ARI1A_MOUSE;AT-rich_interactive_domain-containing_protein_1A","asmbl_56106"
"HVAEP1-G026906",0.70043282548402,NA,NA,NA,NA,NA,"PTHR45635:SF18","ADP,ATP CARRIER PROTEIN 1, MITOCHONDRIAL-RELATED","PF00153","Mitochondrial carrier protein","ADT3_ARATH;ADP,ATP_carrier_protein_3,_mitochondrial","CLYHEMG021680"
"HVAEP1-G017964",0.699542987664614,"OG0000906","RFC5","ENSG00000111445","replication factor C subunit 5",NA,"PTHR11669:SF9","REPLICATION FACTOR C SUBUNIT 5","PF00004; PF08542","ATPase family associated with various cellular activities (AAA); Replication factor C C-terminal domain","RFC5_MOUSE;Replication_factor_C_subunit_5","CLYHEMG001980"
"HVAEP1-G016268",0.699140142706358,NA,NA,NA,NA,NA,NA,NA,NA,NA,NA,"asmbl_85359"
"HVAEP1-G028341",0.698748266935404,"OG0004607","RNMT","ENSG00000101654","RNA guanine-7 methyltransferase",NA,"PTHR12189:SF2","MRNA CAP GUANINE-N7 METHYLTRANSFERASE","PF03291","mRNA capping enzyme","MCES_MOUSE;mRNA_cap_guanine-N7_methyltransferase","asmbl_62598"
"HVAEP1-G002232",0.698437201446379,"OG0000147","MFS9","FBgn0038799",NA,NA,"PTHR11662:SF437","GH23975P","PF07690","Major Facilitator Superfamily","S17A5_HUMAN;Sialin","asmbl_27840"
"HVAEP1-G012009",0.697984111643083,"OG0005073","NOP2","ENSG00000111641","NOP2 nucleolar protein",NA,"PTHR22807:SF30","28S RRNA (CYTOSINE(4447)-C(5))-METHYLTRANSFERASE-RELATED","PF17125; PF01189","N-terminal domain of 16S rRNA methyltransferase RsmF; 16S rRNA methyltransferase RsmB/F","NOP2_HUMAN;Probable_28S_rRNA_(cytosine(4447)-C(5))-methyltransferase","asmbl_35540"
"HVAEP1-G004586",0.697946376984722,NA,NA,NA,NA,NA,"PTHR10514","ANGIOTENSIN-CONVERTING ENZYME","PF01401","Angiotensin-converting enzyme","ACE_CHICK;Angiotensin-converting_enzyme_(Fragment)","asmbl_36926"
"HVAEP1-G006311",0.697366799805992,NA,NA,NA,NA,NA,"PTHR10334:SF386","GOLGI-ASSOCIATED PLANT PATHOGENESIS-RELATED PROTEIN 1","PF00188","Cysteine-rich secretory protein family","GAPR1_HUMAN;Golgi-associated_plant_pathogenesis-related_protein_1","asmbl_71411"
"HVAEP1-G008423",0.697239676848453,"OG0000418","Poxn","FBgn0003130",NA,"U96193.1; Pax-A","PTHR45636:SF16","PAIRED BOX POX-MESO PROTEIN","PF00292","'Paired box' domain","PAX2A_DANRE;Paired_box_protein_Pax-2a","asmbl_164"
"HVAEP1-G015713",0.69718204822816,NA,NA,NA,NA,NA,NA,NA,NA,NA,NA,"asmbl_79062"
"HVAEP1-G009959",0.695577344155218,NA,NA,NA,NA,NA,NA,NA,NA,NA,NA,"asmbl_56978"
"HVAEP1-G014664",0.695464343688415,"OG0004955","RRS1","ENSG00000179041","ribosome biogenesis regulator 1 homolog",NA,"PTHR17602:SF4","RIBOSOME BIOGENESIS REGULATORY PROTEIN HOMOLOG","PF04939","Ribosome biogenesis regulatory protein (RRS1)","RRS1_MOUSE;Ribosome_biogenesis_regulatory_protein_homolog","asmbl_83708"
"HVAEP1-G020311",0.694656469767808,NA,NA,NA,NA,"DQ679809.1; fibrillar collagen (col5)","PTHR24023:SF568","COLLAGEN ALPHA-2(I) CHAIN","PF01391; PF01410","Collagen triple helix repeat (20 copies); Fibrillar collagen C-terminal domain","CO2A1_XENTR;Collagen_alpha-1(II)_chain","asmbl_66174"
"HVAEP1-G020392",0.694629603004793,NA,NA,NA,NA,"DQ679808.1; fibrillar collagen (col3)","PTHR24023:SF855","COLLAGEN, TYPE VIII, ALPHA 2","PF01391; PF00092; PF00095; PF01410","Collagen triple helix repeat (20 copies); von Willebrand factor type A domain; WAP-type (Whey Acidic Protein) 'four-disulfide core'; Fibrillar collagen C-terminal domain","COCA1_HUMAN;Collagen_alpha-1(XII)_chain","asmbl_78520"
"HVAEP1-G009450",0.694207449649498,NA,NA,NA,NA,NA,NA,NA,NA,NA,NA,"asmbl_11558"
"HVAEP1-G003365",0.693836624117665,"OG0002565","QSOX2, QSOX1","ENSG00000165661, ENSG00000116260","quiescin sulfhydryl oxidase 2, quiescin sulfhydryl oxidase 1",NA,"PTHR22897:SF6","SULFHYDRYL OXIDASE 1","PF18108; PF04777; PF00085; PF18371","QSOX Trx-like domain; Erv1 / Alr family; Thioredoxin; Flavin adenine dinucleotide (FAD)-dependent sulfhydryl oxidase","QSOX1_MOUSE;Sulfhydryl_oxidase_1","asmbl_19572"
"HVAEP1-G009338",0.693685817372895,"OG0002534","RBBP7, RBBP4","ENSG00000102054, ENSG00000162521","RB binding protein 7, chromatin remodeling factor, RB binding protein 4, chromatin remodeling factor",NA,"PTHR22850:SF82","HISTONE-BINDING PROTEIN RBBP7","PF12265; PF00400","Histone-binding protein RBBP4 or subunit C of CAF1 complex; WD domain, G-beta repeat","RBBP7_DANRE;Histone-binding_protein_RBBP7","asmbl_56557"
"HVAEP1-G001114",0.692733517663075,"OG0000808","PRMT1, PRMT8","ENSG00000126457, ENSG00000111218","protein arginine methyltransferase 8, protein arginine methyltransferase 1",NA,"PTHR11006:SF47","PROTEIN ARGININE N-METHYLTRANSFERASE 8","PF13649","Methyltransferase domain","ANM1_XENTR;Protein_arginine_N-methyltransferase_1","asmbl_80225"
"HVAEP1-G019498",0.692575738299084,NA,NA,NA,NA,NA,NA,NA,NA,NA,NA,"asmbl_35551"
"HVAEP1-G011547",0.692381070273863,"OG0000141","NEK2","ENSG00000117650","NIMA related kinase 2",NA,"PTHR24361:SF613","SERINE/THREONINE-PROTEIN KINASE NEK1","PF00069","Protein kinase domain","NEK2_HUMAN;Serine/threonine-protein_kinase_Nek2","asmbl_33339"
"HVAEP1-G010722",0.690551477911358,NA,NA,NA,NA,NA,NA,NA,NA,NA,NA,"asmbl_8414"
"HVAEP1-G012663",0.690332871729554,"OG0000982","ZnT63C","FBgn0035432",NA,NA,NA,NA,"PF01545","Cation efflux family","ZRC1_YEAST;Zinc/cadmium_resistance_protein","CLYHEMG021146"
"HVAEP1-G010425",0.690283645143374,"OG0000371","MAP3K13, MAP3K12","ENSG00000073803, ENSG00000139625","mitogen-activated protein kinase kinase kinase 12, mitogen-activated protein kinase kinase kinase 13",NA,"PTHR23257:SF804","MITOGEN-ACTIVATED PROTEIN KINASE KINASE KINASE","PF07714","Protein tyrosine and serine/threonine kinase","M3K12_HUMAN;Mitogen-activated_protein_kinase_kinase_kinase_12","asmbl_65612"
"HVAEP1-G008909",0.690101552207963,"OG0003253","USP54, USP53","ENSG00000166348, ENSG00000145390","ubiquitin specific peptidase 53, ubiquitin specific peptidase 54",NA,"PTHR22975:SF6","INACTIVE UBIQUITIN CARBOXYL-TERMINAL HYDROLASE 53","PF00443","Ubiquitin carboxyl-terminal hydrolase","UBP54_RAT;Inactive_ubiquitin_carboxyl-terminal_hydrolase_54","asmbl_47126"
"HVAEP1-G022251",0.689812956443123,"OG0000354","SMYD2, SMYD1, SMYD3","ENSG00000143499, ENSG00000115593, ENSG00000185420","SET and MYND domain containing 1, SET and MYND domain containing 2, SET and MYND domain containing 3",NA,"PTHR12197:SF285","HISTONE-LYSINE N-METHYLTRANSFERASE ASHR1","PF00856","SET domain","SMYD3_HUMAN;Histone-lysine_N-methyltransferase_SMYD3","asmbl_39778"
"HVAEP1-G003565",0.688842940255928,NA,NA,NA,NA,NA,NA,NA,NA,NA,NA,"asmbl_30489"
"HVAEP1-G008731",0.688518371245408,"OG0001922","SPATA6L, SPATA6","ENSG00000106686, ENSG00000132122","spermatogenesis associated 6 like, spermatogenesis associated 6",NA,"PTHR16435:SF6","IP09370P","PF14909","Spermatogenesis-assoc protein 6","SPAT6_HUMAN;Spermatogenesis-associated_protein_6","asmbl_318"
"HVAEP1-G023923",0.68812495310958,NA,NA,NA,NA,NA,NA,NA,NA,NA,NA,"nbis-gene-59"
"HVAEP1-G023734",0.688013866349444,"OG0003643","WWC1, WWC2, WWC3","ENSG00000113645, ENSG00000151718, ENSG00000047644","WWC family member 3, WW and C2 domain containing 2, WW and C2 domain containing 1",NA,"PTHR14791:SF22","PROTEIN KIBRA",NA,NA,"KIBRA_XENTR;Protein_KIBRA","asmbl_9456"
"HVAEP1-G022543",0.687303554808086,"OG0000183","CCNA2, CCNA1","ENSG00000145386, ENSG00000133101","cyclin A1, cyclin A2",NA,"PTHR10177:SF254","CYCLIN-A1","PF00134; PF02984","Cyclin, N-terminal domain; Cyclin, C-terminal domain","CCNA_HYDVD;G2/mitotic-specific_cyclin-A_(Fragment)","asmbl_73181"
"HVAEP1-G027778",0.687055828167518,"OG0002800","NOB1","ENSG00000141101","NIN1 (RPN12) binding protein 1 homolog",NA,"PTHR12814:SF2","RNA-BINDING PROTEIN NOB1","PF08772; PF17146","Nin one binding (NOB1) Zn-ribbon like; PIN domain of ribonuclease","NOB1_MACFA;RNA-binding_protein_NOB1","asmbl_42674"
"HVAEP1-G024396",0.686991184666853,"OG0006160","F48E3.9","WBGene00018608","hypothetical protein",NA,NA,NA,NA,NA,NA,"asmbl_45685"
"HVAEP1-G003814",0.684900864836227,"OG0001077","CECR2","ENSG00000099954","CECR2 histone acetyl-lysine reader",NA,"PTHR47092","CAT EYE SYNDROME CRITICAL REGION PROTEIN 2","PF00439","Bromodomain","CECR2_MOUSE;Cat_eye_syndrome_critical_region_protein_2_homolog","asmbl_33583"
"HVAEP1-G025513",0.684270547133077,NA,NA,NA,NA,NA,NA,NA,"PF02995","Protein of unknown function (DUF229)",NA,"asmbl_82548"
"HVAEP1-G016146",0.68351244036078,NA,NA,NA,NA,NA,NA,NA,NA,NA,NA,"asmbl_17814"
"HVAEP1-G002310",0.683445113041387,"OG0003657","TLCD5","ENSG00000181264","TLC domain containing 5",NA,"PTHR31898","TRANSMEMBRANE PROTEIN 136","PF03798","TLC domain","TLCD5_BOVIN;TLC_domain-containing_protein_5","asmbl_59300"
"HVAEP1-G024428",0.683413864625436,"OG0000183","CCNB1, CCNB2","ENSG00000134057, ENSG00000157456","cyclin B2, cyclin B1","X90985.1; cyclin B","PTHR10177:SF184","G2/MITOTIC-SPECIFIC CYCLIN-B2","PF02984; PF00134","Cyclin, C-terminal domain; Cyclin, N-terminal domain","CCNB_HYDVU;G2/mitotic-specific_cyclin-B_(Fragment)","asmbl_16823"
"HVAEP1-G023268",0.682537812967968,"OG0001417","ENDOU","ENSG00000111405","endonuclease, poly(U) specific",NA,"PTHR12439","PLACENTAL PROTEIN 11-RELATED","PF09412","Endoribonuclease XendoU","ENDUB_DANRE;Poly(U)-specific_endoribonuclease-B","asmbl_60796"
"HVAEP1-G006574",0.681951955099486,NA,NA,NA,NA,NA,"PTHR24278","COAGULATION FACTOR","PF00089","Trypsin","PRS43_MOUSE;Putative_inactive_serine_protease_43","asmbl_32811"
"HVAEP1-G007822",0.681943311738814,NA,NA,NA,NA,NA,NA,NA,"PF12661; PF00008","Human growth factor-like EGF; EGF-like domain","LIN12_CAEEL;Protein_lin-12","asmbl_54702"
"HVAEP1-G014778",0.68106489898495,"OG0004591","EIF3L","ENSG00000100129","eukaryotic translation initiation factor 3 subunit L",NA,"PTHR13242:SF0","EUKARYOTIC TRANSLATION INITIATION FACTOR 3 SUBUNIT L","PF10255","RNA polymerase I-associated factor PAF67","EIF3L_NEMVE;Eukaryotic_translation_initiation_factor_3_subunit_L","asmbl_10665"
"HVAEP1-G016673",0.680675125296945,NA,NA,NA,NA,NA,"PTHR23104:SF10","MULTIPLE COAGULATION FACTOR DEFICIENCY PROTEIN 2","PF13499","EF-hand domain pair","MCFD2_RAT;Multiple_coagulation_factor_deficiency_protein_2_homolog","asmbl_31507"
"HVAEP1-G023647",0.680230327738778,NA,NA,NA,NA,NA,"PTHR11929:SF187","ALPHA-(1,3)-FUCOSYLTRANSFERASE FUT-1","PF17039; PF00852","Fucosyltransferase, N-terminal; Glycosyltransferase family 10 (fucosyltransferase) C-term","FUCTA_DROME;Glycoprotein_3-alpha-L-fucosyltransferase_A","asmbl_75977"
"HVAEP1-G014891",0.679880359872863,"OG0003386","KDELR2, KDELR3, KDELR1","ENSG00000136240, ENSG00000100196, ENSG00000105438","KDEL endoplasmic reticulum protein retention receptor 3, KDEL endoplasmic reticulum protein retention receptor 2, KDEL endoplasmic reticulum protein retention receptor 1",NA,"PTHR10585:SF83","ER LUMEN PROTEIN-RETAINING RECEPTOR 2","PF00810","ER lumen protein retaining receptor","ERD22_HUMAN;ER_lumen_protein-retaining_receptor_2","asmbl_22517"
"HVAEP1-G019809",0.679558198120275,NA,NA,NA,NA,NA,NA,NA,NA,NA,NA,"asmbl_44487"
"HVAEP1-G008761",0.679002710020406,"OG0000137","H2AZ2, H2AZ1","ENSG00000105968, ENSG00000164032","H2A.Z variant histone 2, H2A.Z variant histone 1","KY053288.1; strain Ind-Pune histone H2A.Z","PTHR23430:SF300","HISTONE H2A","PF00125; PF16211","Core histone H2A/H2B/H3/H4; C-terminus of histone H2A","H2AZ_BOVIN;Histone_H2A.Z","asmbl_16398"
"HVAEP1-G021122",0.678093058386977,NA,NA,NA,NA,"JX118845.1; 14-3-3 protein","PTHR18860:SF17","14-3-3 PROTEIN EPSILON","PF00244","14-3-3 protein","1433B_CHICK;14-3-3_protein_beta/alpha","asmbl_67451"
"HVAEP1-G018152",0.677978156696725,"OG0002546","TRMT2A, TRMT2B","ENSG00000099899, ENSG00000188917","tRNA methyltransferase 2 homolog A, tRNA methyltransferase 2 homolog B",NA,"PTHR45904","TRNA (URACIL-5-)-METHYLTRANSFERASE","PF05958","tRNA (Uracil-5-)-methyltransferase","TRM2A_HUMAN;tRNA_(uracil-5-)-methyltransferase_homolog_A","asmbl_37746"
"HVAEP1-G019183",0.677630356564401,"OG0004814","TYW1, TYW1B","ENSG00000198874, ENSG00000277149","tRNA-yW synthesizing protein 1 homolog, tRNA-yW synthesizing protein 1 homolog B",NA,"PTHR13930","S-ADENOSYL-L-METHIONINE-DEPENDENT TRNA 4-DEMETHYLWYOSINE SYNTHASE","PF00258; PF04055; PF08608","Flavodoxin; Radical SAM superfamily; Wyosine base formation","TYW1_XENLA;S-adenosyl-L-methionine-dependent_tRNA_4-demethylwyosine_synthase_TYW1","asmbl_89641"
"HVAEP1-G003694",0.677577194477807,"OG0000642","Y6B3B.7","WBGene00012391","hypothetical protein",NA,NA,NA,NA,NA,NA,"asmbl_40499"
"HVAEP1-G008557",0.67735914294029,NA,NA,NA,NA,NA,NA,NA,"PF12661; PF13385; PF00008","Human growth factor-like EGF; Concanavalin A-like lectin/glucanases superfamily; EGF-like domain","FA12_PIG;Coagulation_factor_XII","asmbl_38719"
"HVAEP1-G017399",0.677311153267087,NA,NA,NA,NA,NA,NA,NA,"PF13837","Myb/SANT-like DNA-binding domain",NA,"asmbl_90430"
"HVAEP1-G021920",0.677242384420218,"OG0003491","mus312","FBgn0002909",NA,NA,"PTHR21541","BTB  POZ  DOMAIN CONTAINING 12","PF00651; PF09494","BTB/POZ domain; Slx4 endonuclease",NA,"asmbl_69726"
"HVAEP1-G013757",0.677096443763522,NA,NA,NA,NA,NA,"PTHR24399:SF52","RCG58974-RELATED","PF00096","Zinc finger, C2H2 type","SALM_DROME;Homeotic_protein_spalt-major","asmbl_88527"
"HVAEP1-G022929",0.676102136149378,"OG0004490","FIP1L1","ENSG00000145216","factor interacting with PAPOLA and CPSF1",NA,"PTHR13484:SF0","PRE-MRNA 3'-END-PROCESSING FACTOR FIP1","PF05182","Fip1 motif","FIP1_RAT;Pre-mRNA_3'-end-processing_factor_FIP1","asmbl_50624"
"HVAEP1-G002339",0.675642648381627,"OG0001402","NDN, NDN, TRO, MAGED2, MAGED4B, MAGED4, MAGED1, MAGEL2, MAGEL2, NSMCE3, NSMCE3, MAGEF1, MAGEE1, MAGEB10, MAGEB5, MAGEB3, MAGEB4, MAGEB1, MAGEB2, MAGEB17, MAGEB6B, MAGEB6, MAGEB18, MAGEB16, MAGEA11, MAGEA9B, MAGEA9, MAGEA8, MAGEA3, MAGEA6, MAGEA2B, MAGEA2, MAGEA12, MAGEA4, MAGEA1, MAGEA10, MAGEC2, MAGEC3, MAGEC1","ENSG00000288364, ENSG00000182636, ENSG00000067445, ENSG00000102316, ENSG00000187243, ENSG00000154545, ENSG00000179222, ENSG00000288188, ENSG00000254585, ENSG00000282130, ENSG00000185115, ENSG00000177383, ENSG00000198934, ENSG00000177689, ENSG00000188408, ENSG00000198798, ENSG00000120289, ENSG00000214107, ENSG00000099399, ENSG00000182798, ENSG00000232030, ENSG00000176746, ENSG00000176774, ENSG00000189023, ENSG00000185247, ENSG00000267978, ENSG00000123584, ENSG00000156009, ENSG00000221867, ENSG00000197172, ENSG00000183305, ENSG00000268606, ENSG00000213401, ENSG00000147381, ENSG00000198681, ENSG00000124260, ENSG00000046774, ENSG00000165509, ENSG00000155495","NSE3 homolog, SMC5-SMC6 complex component, MAGE family member L2, necdin, MAGE family member, MAGE family member D2, trophinin, MAGE family member B2, MAGE family member B4, MAGE family member B17, MAGE family member B16, MAGE family member B10, MAGE family member D1, MAGE family member B18, , MAGE family member B6, MAGE family member B5, MAGE family member B1, MAGE family member B3, MAGE family member D4B, MAGE family member D4, MAGE family member C2, MAGE family member A10, MAGE family member A8, MAGE family member C1, MAGE family member A9, MAGE family member A4, MAGE family member E1, MAGE family member C3, MAGE family member A12, MAGE family member A6, MAGE family member A11, MAGE family member A1, MAGE family member A3, MAGE family member A9B, MAGE family member A2, MAGE family member A2B, MAGE family member F1",NA,"PTHR11736","MELANOMA-ASSOCIATED ANTIGEN  MAGE ANTIGEN","PF01454","MAGE family","NSE3_HUMAN;Non-structural_maintenance_of_chromosomes_element_3_homolog","asmbl_54151"
"HVAEP1-G011292",0.675612425224721,"OG0005830","SSR3","ENSG00000114850","signal sequence receptor subunit 3",NA,"PTHR13399","TRANSLOCON-ASSOCIATED PROTEIN  TRAP , GAMMA SUBUNIT","PF07074","Translocon-associated protein, gamma subunit (TRAP-gamma)","SSRG_HUMAN;Translocon-associated_protein_subunit_gamma","asmbl_33811"
"HVAEP1-G026737",0.675293088355064,"OG0001277","RAB7A","ENSG00000075785","RAB7A, member RAS oncogene family",NA,"PTHR47981:SF13","RAS-RELATED PROTEIN RAB-7A","PF00071","Ras family","RAB7A_CANLF;Ras-related_protein_Rab-7a","asmbl_21770"
"HVAEP1-G010465",0.67464548189619,NA,NA,NA,NA,NA,NA,NA,NA,NA,NA,"asmbl_68626"
"HVAEP1-G004223",0.674494613721582,"OG0005115","PTCD3","ENSG00000132300","pentatricopeptide repeat domain 3",NA,"PTHR16276","PENTATRICOPEPTIDE REPEAT DOMAIN-CONTAINING PROTEIN 3","PF13812","Pentatricopeptide repeat domain","PTCD3_DROME;Protein_PTCD3_homolog,_mitochondrial","CLYHEMG006642"
"HVAEP1-G006010",0.674277054718803,NA,NA,NA,NA,NA,NA,NA,"PF12796; PF00023; PF13857","Ankyrin repeats (3 copies); Ankyrin repeat; Ankyrin repeats (many copies)",NA,"CLYHEMG022073"
"HVAEP1-G028559",0.672045353738115,"OG0004374","USP29, USP26, USP37","ENSG00000131864, ENSG00000134588, ENSG00000135913","ubiquitin specific peptidase 26, ubiquitin specific peptidase 29, ubiquitin specific peptidase 37",NA,"PTHR24006:SF667","UBIQUITIN CARBOXYL-TERMINAL HYDROLASE 29","PF02809; PF00443","Ubiquitin interaction motif; Ubiquitin carboxyl-terminal hydrolase","UBP37_DANRE;Ubiquitin_carboxyl-terminal_hydrolase_37","asmbl_82937"
"HVAEP1-G011383",0.671440665723126,NA,NA,NA,NA,NA,"PTHR19290:SF97","CLASS A BASIC HELIX-LOOP-HELIX PROTEIN 15","PF00010","Helix-loop-helix DNA-binding domain","NDF1_DANRE;Neurogenic_differentiation_factor_1","asmbl_89231"
"HVAEP1-G019106",0.671048615784784,"OG0000794","CORO1A, CORO1B, CORO1C, CORO6","ENSG00000102879, ENSG00000172725, ENSG00000110880, ENSG00000167549","coronin 1A, coronin 1C, coronin 1B, coronin 6",NA,NA,NA,"PF16300; PF00400; PF08953","Type of WD40 repeat; WD domain, G-beta repeat; Domain of unknown function (DUF1899)","COR1C_DANRE;Coronin-1C-A","asmbl_35783"
"HVAEP1-G013929",0.671012110275454,"OG0001112","DDX47","ENSG00000213782","DEAD-box helicase 47",NA,"PTHR24031:SF728","BNAC02G41920D PROTEIN","PF00270; PF00271","DEAD/DEAH box helicase; Helicase conserved C-terminal domain","DDX47_BOVIN;Probable_ATP-dependent_RNA_helicase_DDX47","asmbl_22679"
"HVAEP1-G013463",0.670898795364237,"OG0001938","DEPDC1B, DEPDC1, DEPDC7, DEPDC4","ENSG00000035499, ENSG00000024526, ENSG00000121690, ENSG00000166153","DEP domain containing 1B, DEP domain containing 7, DEP domain containing 4, DEP domain containing 1",NA,"PTHR16206","DEP DOMAIN-CONTAINING","PF00610","Domain found in Dishevelled, Egl-10, and Pleckstrin (DEP)","DEP1B_CHICK;DEP_domain-containing_protein_1B","asmbl_79524"
"HVAEP1-G018290",0.67082938489097,"OG0004699","MCM7","ENSG00000166508","minichromosome maintenance complex component 7",NA,"PTHR11630:SF26","DNA REPLICATION LICENSING FACTOR MCM7","PF17855; PF17207; PF00493; PF14551","MCM AAA-lid domain; MCM OB domain; MCM P-loop domain; MCM N-terminal domain","MCM7B_XENLA;DNA_replication_licensing_factor_mcm7-B","CLYHEMG011605"
"HVAEP1-G021198",0.670455619693879,NA,NA,NA,NA,NA,NA,NA,NA,NA,NA,"asmbl_78428"
"HVAEP1-G023231",0.670112467408291,"OG0005649","MRPS31","ENSG00000102738","mitochondrial ribosomal protein S31",NA,"PTHR13231","MITOCHONDRIAL RIBOSOMAL PROTEIN S31","PF15433","Mitochondrial 28S ribosomal protein S31","RT31_MOUSE;28S_ribosomal_protein_S31,_mitochondrial","asmbl_59831"
"HVAEP1-G018295",0.669957745914092,"OG0002428","RPA1","ENSG00000132383","replication protein A1",NA,"PTHR23273:SF47","REPLICATION PROTEIN A 70 KDA DNA-BINDING SUBUNIT A","PF01336; PF08646; PF16900; PF04057","OB-fold nucleic acid binding domain; Replication factor-A C terminal domain; Replication protein A OB domain; Replication factor-A protein 1, N-terminal domain","RFA1_HUMAN;Replication_protein_A_70_kDa_DNA-binding_subunit","CLYHEMG024595"
"HVAEP1-G011404",0.667844814137689,"OG0007356","TMEM201","ENSG00000188807","transmembrane protein 201",NA,"PTHR28646","TRANSMEMBRANE PROTEIN 201","PF09779","Ima1 N-terminal domain","TM201_DANRE;Transmembrane_protein_201","asmbl_48809"
"HVAEP1-G012103",0.66743655484824,"OG0002178","EPRS1","ENSG00000136628","glutamyl-prolyl-tRNA synthetase 1",NA,"PTHR43382","PROLYL-TRNA SYNTHETASE","PF00587; PF03950; PF00458; PF03129; PF00749; PF09180","tRNA synthetase class II core domain (G, H, P, S and T); tRNA synthetases class I (E and Q), anti-codon binding domain; WHEP-TRS domain; Anticodon binding domain; tRNA synthetases class I (E and Q), catalytic domain; Prolyl-tRNA synthetase, C-terminal","SYEP_HUMAN;Bifunctional_glutamate/proline--tRNA_ligase","asmbl_20423"
"HVAEP1-G001093",0.664999175338876,"OG0007229","PROSER3","ENSG00000167595","proline and serine rich 3",NA,"PTHR22045","PROLINE AND SERINE-RICH PROTEIN 3",NA,NA,NA,"asmbl_80252"
"HVAEP1-G026983",0.664055980156367,"OG0006294","SSR4","ENSG00000180879","signal sequence receptor subunit 4",NA,"PTHR12731","TRANSLOCON-ASSOCIATED PROTEIN, DELTA SUBUNIT","PF05404","Translocon-associated protein, delta subunit precursor (TRAP-delta)","SSRD_BOVIN;Translocon-associated_protein_subunit_delta","asmbl_1870"
"HVAEP1-G000993",0.663023857265616,"OG0006831","POLD3","ENSG00000077514","DNA polymerase delta 3, accessory subunit",NA,"PTHR17598","DNA POLYMERASE DELTA SUBUNIT 3","PF09507","DNA polymerase subunit Cdc27","DPOD3_CHICK;DNA_polymerase_delta_subunit_3","asmbl_63368"
"HVAEP1-G019074",0.662733589147475,"OG0005877","EMG1","ENSG00000126749","EMG1 N1-specific pseudouridine methyltransferase",NA,"PTHR12636:SF5","RIBOSOMAL RNA SMALL SUBUNIT METHYLTRANSFERASE NEP1","PF03587","EMG1/NEP1 methyltransferase","NEP1_HUMAN;Ribosomal_RNA_small_subunit_methyltransferase_NEP1","asmbl_21576"
"HVAEP1-G025721",0.662473948653769,"OG0002066","UHRF1, UHRF2","ENSG00000276043, ENSG00000147854","ubiquitin like with PHD and ring finger domains 2, ubiquitin like with PHD and ring finger domains 1",NA,"PTHR14140:SF43","UBIQUITIN LIGASE NP95, PUTATIVE-RELATED","PF02182","SAD/SRA domain","UHRF1_XENTR;E3_ubiquitin-protein_ligase_UHRF1","asmbl_59486"
"HVAEP1-G020713",0.662417335773361,NA,NA,NA,NA,NA,NA,NA,"PF00418","Tau and MAP protein, tubulin-binding repeat",NA,"asmbl_90726"
"HVAEP1-G004343",0.662036114377675,"OG0001650","SNRNP70","ENSG00000104852","small nuclear ribonucleoprotein U1 subunit 70",NA,"PTHR13952:SF5","U1 SMALL NUCLEAR RIBONUCLEOPROTEIN 70 KDA","PF12220; PF00076","U1 small nuclear ribonucleoprotein of 70kDa MW N terminal; RNA recognition motif. (a.k.a. RRM, RBD, or RNP domain)","RU17_HUMAN;U1_small_nuclear_ribonucleoprotein_70_kDa","asmbl_24526"
"HVAEP1-G027223",0.660872018233446,"OG0004429","UTP4, UTP4","ENSG00000262788, ENSG00000141076","UTP4 small subunit processome component",NA,"PTHR44163","U3 SMALL NUCLEOLAR RNA-ASSOCIATED PROTEIN 4 HOMOLOG","PF12894; PF00400","Anaphase-promoting complex subunit 4 WD40 domain; WD domain, G-beta repeat","UTP4_MOUSE;U3_small_nucleolar_RNA-associated_protein_4_homolog","asmbl_51598"
"HVAEP1-G010737",0.660259486684211,"OG0000392","SLC7A14","ENSG00000013293","solute carrier family 7 member 14",NA,"PTHR43243:SF17","CATIONIC AMINO ACID TRANSPORTER-RELATED","PF13520; PF13906","Amino acid permease; C-terminus of AA_permease","S7A14_BOVIN;Probable_cationic_amino_acid_transporter","asmbl_59557"
"HVAEP1-G009983",0.660250778711208,"OG0001189","PLK1","ENSG00000166851","polo like kinase 1",NA,"PTHR24345:SF86","SERINE/THREONINE-PROTEIN KINASE PLK1","PF00069; PF00659","Protein kinase domain; POLO box duplicated region","PLK1_HUMAN;Serine/threonine-protein_kinase_PLK1","asmbl_56994"
"HVAEP1-G016441",0.660226954937949,NA,NA,NA,NA,NA,NA,NA,NA,NA,NA,"asmbl_62977"
"HVAEP1-G025719",0.659464971465953,"OG0004053","UBAP1, UBAP1L","ENSG00000165006, ENSG00000246922","ubiquitin associated protein 1, ubiquitin associated protein 1 like",NA,"PTHR15960","LD44032P",NA,NA,"UBAP1_RAT;Ubiquitin-associated_protein_1","asmbl_20249"
"HVAEP1-G011242",0.659391719080697,"OG0001015","MYL9, MYL12B, MYL12A","ENSG00000101335, ENSG00000118680, ENSG00000101608","myosin light chain 12A, myosin light chain 12B, myosin light chain 9",NA,"PTHR23049:SF66","MYOSIN REGULATORY LIGHT POLYPEPTIDE 9","PF13405","EF-hand domain","MRLCA_RAT;Myosin_regulatory_light_chain_RLC-A","asmbl_85989"
"HVAEP1-G006724",0.658452825130325,NA,NA,NA,NA,NA,NA,NA,NA,NA,NA,"asmbl_35015"
"HVAEP1-G022282",0.658255371678462,"OG0000175","SMARCA5, SMARCA1","ENSG00000153147, ENSG00000102038","SWI/SNF related, matrix associated, actin dependent regulator of chromatin, subfamily a, member 1, SWI/SNF related, matrix associated, actin dependent regulator of chromatin, subfamily a, member 5",NA,"PTHR10799:SF819","GLOBAL TRANSCRIPTION ACTIVATOR SNF2L1-RELATED","PF09110; PF13892; PF00271; PF09111; PF00176","HAND; DNA-binding domain; Helicase conserved C-terminal domain; SLIDE; SNF2 family N-terminal domain","SMCA5_MOUSE;SWI/SNF-related_matrix-associated_actin-dependent_regulator_of_chromatin_subfamily_A_member_5","asmbl_50932"
"HVAEP1-G028434",0.657509682021624,"OG0002958","LSM14B, LSM14A, LSM14A","ENSG00000149657, ENSG00000262860, ENSG00000257103","LSM14A mRNA processing body assembly factor, LSM family member 14B",NA,"PTHR13586:SF1","PROTEIN LSM14 HOMOLOG B","PF12701; PF09532","Scd6-like Sm domain; FDF domain","LS14B_XENTR;Protein_LSM14_homolog_B","asmbl_63110"
"HVAEP1-G017833",0.656588313175734,"OG0004937","NLK","ENSG00000087095","nemo like kinase",NA,NA,NA,"PF00069","Protein kinase domain","NLK_CANLF;Serine/threonine-protein_kinase_NLK","asmbl_71929"
"HVAEP1-G001533",0.656285148377969,"OG0000241","GGT5, GGTLC3, GGT2, GGTLC1, GGT1, GGTLC2","ENSG00000099998, ENSG00000274252, ENSG00000133475, ENSG00000149435, ENSG00000100031, ENSG00000100121","gamma-glutamyltransferase 2, gamma-glutamyltransferase light chain family member 3, gamma-glutamyltransferase light chain 2, gamma-glutamyltransferase light chain 1, gamma-glutamyltransferase 1, gamma-glutamyltransferase 5",NA,"PTHR11686","GAMMA GLUTAMYL TRANSPEPTIDASE","PF01019","Gamma-glutamyltranspeptidase","GGT1_PIG;Glutathione_hydrolase_1_proenzyme","asmbl_23132"
"HVAEP1-G002485",0.656176371742177,"OG0005157","LAS1L","ENSG00000001497","LAS1 like ribosome biogenesis factor",NA,"PTHR15002","UNCHARACTERIZED","PF04031","Las1-like","LAS1L_HUMAN;Ribosomal_biogenesis_protein_LAS1L","asmbl_89759"
"HVAEP1-G005746",0.656156503559664,"OG0005517","RPF2","ENSG00000197498","ribosome production factor 2 homolog",NA,"PTHR12728","BRIX DOMAIN CONTAINING PROTEIN","PF04427","Brix domain","RPF2_BOVIN;Ribosome_production_factor_2_homolog","asmbl_26194"
"HVAEP1-G001603",0.654552211768919,"OG0003366","APP, APLP1, APLP2","ENSG00000142192, ENSG00000105290, ENSG00000084234","amyloid beta precursor protein, amyloid beta precursor like protein 1, amyloid beta precursor like protein 2",NA,"PTHR23103:SF15","AMYLOID-BETA-LIKE PROTEIN","PF12924; PF12925; PF10515; PF02177","Copper-binding of amyloid precursor, CuBD; E2 domain of amyloid precursor protein; Beta-amyloid precursor protein C-terminus; Amyloid A4 N-terminal heparin-binding","A4_TAKRU;Amyloid-beta_A4_protein","asmbl_81648"
"HVAEP1-G017780",0.654498710753268,"OG0000694","PPP1CA, PPP1CC","ENSG00000172531, ENSG00000186298","protein phosphatase 1 catalytic subunit gamma, protein phosphatase 1 catalytic subunit alpha",NA,"PTHR11668:SF460","SERINE/THREONINE-PROTEIN PHOSPHATASE","PF16891; PF00149","Serine-threonine protein phosphatase N-terminal domain; Calcineurin-like phosphoesterase","GLC7B_CAEEL;Serine/threonine-protein_phosphatase_PP1-beta","asmbl_23737"
"HVAEP1-G004908",0.654370248435801,"OG0000194","KIF14","ENSG00000118193","kinesin family member 14",NA,"PTHR24115:SF546","KINESIN-LIKE PROTEIN KIF14","PF00225","Kinesin motor domain","KIF14_HUMAN;Kinesin-like_protein_KIF14","asmbl_40345"
"HVAEP1-G017595",0.653206721215643,"OG0000252","NCL","ENSG00000115053","nucleolin",NA,"PTHR23216:SF1","NUCLEOLAR AND COILED-BODY PHOSPHOPROTEIN 1","PF00076","RNA recognition motif. (a.k.a. RRM, RBD, or RNP domain)","NUCL_XENLA;Nucleolin","asmbl_14782"
"HVAEP1-G001505",0.65259690722797,"OG0003540","DDX6","ENSG00000110367","DEAD-box helicase 6",NA,"PTHR47960:SF5","DEAD-BOX ATP-DEPENDENT RNA HELICASE 6","PF00270; PF00271","DEAD/DEAH box helicase; Helicase conserved C-terminal domain","DDX6_CHICK;Probable_ATP-dependent_RNA_helicase_DDX6","asmbl_27891"
"HVAEP1-G007974",0.652432726758345,"OG0004130","TBL3","ENSG00000183751","transducin beta like 3",NA,"PTHR19854:SF15","TRANSDUCIN BETA-LIKE PROTEIN 3","PF08625; PF00400","Utp13 specific WD40 associated domain; WD domain, G-beta repeat","TBL3_RAT;Transducin_beta-like_protein_3","asmbl_38804"
"HVAEP1-G004850",0.65190212516112,NA,NA,NA,NA,NA,"PTHR11961","CYTOCHROME C","PF00034","Cytochrome c","CYC_PECGU;Cytochrome_c","asmbl_19496"
"HVAEP1-G018504",0.651812263888084,"OG0005342","TXNDC17","ENSG00000129235","thioredoxin domain containing 17",NA,"PTHR12452","42-9-9 PROTEIN-RELATED","PF06110","Eukaryotic protein of unknown function (DUF953)","TXD17_MOUSE;Thioredoxin_domain-containing_protein_17","asmbl_77020"
"HVAEP1-G012019",0.651636046031463,"OG0000817","MEPCE","ENSG00000146834","methylphosphate capping enzyme",NA,"PTHR12315:SF0","7SK SNRNA METHYLPHOSPHATE CAPPING ENZYME","PF06859; PF13847","Bicoid-interacting protein 3 (Bin3); Methyltransferase domain","MEPCE_HUMAN;7SK_snRNA_methylphosphate_capping_enzyme","asmbl_33387"
"HVAEP1-G023639",0.651319124163568,NA,NA,NA,NA,NA,NA,NA,NA,NA,NA,"asmbl_23996"
"HVAEP1-G024820",0.651175108809483,"OG0003968","NCBP1","ENSG00000136937","nuclear cap binding protein subunit 1",NA,"PTHR12412","CAP BINDING PROTEIN","PF09090; PF02854","MIF4G like; MIF4G domain","NCBP1_XENTR;Nuclear_cap-binding_protein_subunit_1","asmbl_72594"
"HVAEP1-G014415",0.650960089848285,"OG0000054","KIF19","ENSG00000196169","kinesin family member 19",NA,"PTHR24115:SF434","KINESIN-LIKE PROTEIN KIF19","PF00225","Kinesin motor domain","KIF19_XENLA;Kinesin-like_protein_KIF19","asmbl_24105"
"HVAEP1-G004138",0.650952040274941,NA,NA,NA,NA,NA,NA,NA,"PF00076","RNA recognition motif. (a.k.a. RRM, RBD, or RNP domain)","ROA1_DROME;Heterogeneous_nuclear_ribonucleoprotein_A1","asmbl_12996"
"HVAEP1-G023705",0.65058201416801,"OG0000323","MYCN, MYC, MYCL","ENSG00000134323, ENSG00000136997, ENSG00000116990","MYCN proto-oncogene, bHLH transcription factor, MYC proto-oncogene, bHLH transcription factor, MYCL proto-oncogene, bHLH transcription factor","GU199337.1; Myc2",NA,NA,"PF00010; PF01056","Helix-loop-helix DNA-binding domain; Myc amino-terminal region","MYC_ASTRU;Myc_protein_(Fragment)","asmbl_23965"
"HVAEP1-G010825",0.650553255357182,"OG0000483","ZK616.8","WBGene00022778","hypothetical protein",NA,"PTHR45901","PROTEIN CBG12474","PF01477","PLAT/LH2 domain","LOXH1_MOUSE;Lipoxygenase_homology_domain-containing_protein_1","asmbl_51131"
"HVAEP1-G012648",0.650431608704621,NA,NA,NA,NA,NA,NA,NA,NA,NA,NA,"asmbl_11496"
